date,season,game,age,team,opp,game-result,min-played,game-location,fg,fga,fg-pct,fg3,fg3a,fg3-pct,ft,fta,ft-pct,orb,drb,trb,ast,stl,blk,tov,pf,points,game-score,plus-minus,game-link
2018-10-17,2019,0,19.286,6,28,-12,17.717,0,2,7,0.286,0,1,0.0,5,5,1.0,1,2,3,0,0,0,4,4,9,0.6,0,https://www.basketball-reference.com/boxscores/201810170TOR.html
2018-10-19,2019,1,19.288,6,18,-8,23.05,0,6,9,0.667,0,0,0.0,2,2,1.0,0,2,2,1,0,0,0,1,14,11.0,-15,https://www.basketball-reference.com/boxscores/201810190MIN.html
2018-10-21,2019,2,19.29,6,1,-22,27.55,1,2,11,0.182,0,1,0.0,0,0,0.0,1,1,2,2,0,0,2,4,4,-4.1,-23,https://www.basketball-reference.com/boxscores/201810210CLE.html
2018-10-24,2019,3,19.293,6,3,-16,25.017,1,6,10,0.6,0,1,0.0,2,2,1.0,0,3,3,1,0,0,2,2,14,8.2,1,https://www.basketball-reference.com/boxscores/201810240CLE.html
2018-10-25,2019,4,19.294,6,9,-7,25.033,0,5,9,0.556,0,1,0.0,4,5,0.8,0,0,0,5,2,0,1,1,14,13.4,3,https://www.basketball-reference.com/boxscores/201810250DET.html
2018-10-27,2019,5,19.296,6,12,-12,22.567,1,2,8,0.25,0,1,0.0,8,9,0.889,0,1,1,4,1,0,2,1,12,8.5,1,https://www.basketball-reference.com/boxscores/201810270CLE.html
2018-10-30,2019,6,19.299,6,1,22,27.7,1,4,10,0.4,1,2,0.5,8,9,0.889,4,4,8,3,0,1,3,3,17,13.8,-2,https://www.basketball-reference.com/boxscores/201810300CLE.html
2018-11-01,2019,7,19.301,6,8,-19,25.067,1,5,11,0.455,1,1,1.0,1,1,1.0,1,1,2,2,1,0,4,2,12,4.9,-9,https://www.basketball-reference.com/boxscores/201811010CLE.html
2018-11-03,2019,8,19.303,6,4,-32,19.3,0,1,5,0.2,0,1,0.0,2,2,1.0,0,1,1,2,1,0,1,4,4,1.0,-25,https://www.basketball-reference.com/boxscores/201811030CHO.html
2018-11-05,2019,9,19.305,6,22,-2,16.733,0,2,6,0.333,1,1,1.0,0,0,0.0,0,1,1,2,0,0,2,2,5,0.5,-7,https://www.basketball-reference.com/boxscores/201811050ORL.html
2018-11-07,2019,10,19.307,6,21,-9,41.767,1,7,14,0.5,1,2,0.5,0,0,0.0,0,2,2,1,0,1,3,4,15,5.4,-2,https://www.basketball-reference.com/boxscores/201811070CLE.html
2018-11-10,2019,11,19.31,6,5,-1,34.333,0,8,16,0.5,2,3,0.667,2,2,1.0,1,3,4,3,0,0,1,2,20,13.9,-7,https://www.basketball-reference.com/boxscores/201811100CHI.html
2018-11-13,2019,12,19.313,6,4,24,32.667,1,7,18,0.389,2,2,1.0,0,0,0.0,2,3,5,4,1,0,4,3,16,7.1,24,https://www.basketball-reference.com/boxscores/201811130CLE.html
2018-11-14,2019,13,19.314,6,30,-24,33.883,0,9,16,0.562,2,3,0.667,4,4,1.0,0,3,3,2,0,0,4,2,24,13.9,-15,https://www.basketball-reference.com/boxscores/201811140WAS.html
2018-11-19,2019,14,19.319,6,9,-11,23.767,0,6,10,0.6,2,3,0.667,4,6,0.667,0,1,1,4,1,0,0,3,18,15.5,-21,https://www.basketball-reference.com/boxscores/201811190DET.html
2018-11-21,2019,15,19.321,6,14,-4,35.783,1,5,17,0.294,0,2,0.0,2,2,1.0,1,2,3,2,0,0,0,0,12,4.8,-6,https://www.basketball-reference.com/boxscores/201811210CLE.html
2018-11-23,2019,16,19.323,6,23,9,31.5,0,10,18,0.556,0,0,0.0,3,4,0.75,1,4,5,3,1,1,2,1,23,17.3,0,https://www.basketball-reference.com/boxscores/201811230PHI.html
2018-11-24,2019,17,19.324,6,11,9,33.65,1,14,21,0.667,1,3,0.333,0,0,0.0,0,4,4,2,0,0,3,4,29,17.9,7,https://www.basketball-reference.com/boxscores/201811240CLE.html
2018-11-26,2019,18,19.326,6,18,-7,38.95,1,5,19,0.263,0,3,0.0,1,1,1.0,1,6,7,4,0,0,4,2,11,0.2,8,https://www.basketball-reference.com/boxscores/201811260CLE.html
2018-11-28,2019,19,19.328,6,21,-17,37.95,0,9,20,0.45,1,2,0.5,2,2,1.0,1,9,10,3,1,0,2,2,21,14.3,-7,https://www.basketball-reference.com/boxscores/201811280OKC.html
2018-11-30,2019,20,19.33,6,2,-33,33.117,0,6,18,0.333,0,1,0.0,3,3,1.0,0,4,4,4,0,0,3,4,15,4.2,-32,https://www.basketball-reference.com/boxscores/201811300BOS.html
2018-12-01,2019,21,19.331,6,28,-11,26.417,1,5,12,0.417,0,1,0.0,0,0,0.0,0,2,2,2,0,0,3,3,10,1.4,-15,https://www.basketball-reference.com/boxscores/201812010CLE.html
2018-12-03,2019,22,19.333,6,3,2,31.983,0,7,16,0.438,1,1,1.0,0,0,0.0,1,0,1,2,1,0,0,1,15,9.3,-2,https://www.basketball-reference.com/boxscores/201812030BRK.html
2018-12-05,2019,23,19.335,6,10,-24,35.267,1,7,14,0.5,3,3,1.0,4,5,0.8,0,2,2,3,0,0,1,1,21,14.9,-20,https://www.basketball-reference.com/boxscores/201812050CLE.html
2018-12-07,2019,24,19.337,6,26,-19,34.683,1,9,16,0.562,0,2,0.0,5,6,0.833,1,0,1,2,0,0,5,4,23,10.5,-28,https://www.basketball-reference.com/boxscores/201812070CLE.html
2018-12-08,2019,25,19.338,6,30,15,40.117,1,13,23,0.565,3,7,0.429,0,0,0.0,0,3,3,6,2,0,4,3,29,20.0,10,https://www.basketball-reference.com/boxscores/201812080CLE.html
2018-12-10,2019,26,19.34,6,17,-16,32.25,0,5,18,0.278,2,3,0.667,3,4,0.75,1,3,4,2,0,0,2,4,15,3.4,-13,https://www.basketball-reference.com/boxscores/201812100MIL.html
2018-12-12,2019,27,19.342,6,20,7,28.667,1,9,16,0.562,1,4,0.25,0,0,0.0,1,2,3,2,0,0,5,4,19,7.5,-15,https://www.basketball-reference.com/boxscores/201812120CLE.html
2018-12-14,2019,28,19.344,6,17,-12,23.967,1,2,11,0.182,0,2,0.0,1,2,0.5,1,2,3,1,0,0,1,1,5,-1.7,-18,https://www.basketball-reference.com/boxscores/201812140CLE.html
2018-12-16,2019,29,19.346,6,23,-23,30.5,1,6,13,0.462,0,2,0.0,0,0,0.0,0,1,1,2,2,0,3,3,12,4.8,-22,https://www.basketball-reference.com/boxscores/201812160CLE.html
2018-12-18,2019,30,19.348,6,12,1,32.433,0,6,13,0.462,0,1,0.0,0,0,0.0,1,0,1,0,0,0,2,1,12,3.6,-17,https://www.basketball-reference.com/boxscores/201812180IND.html
2018-12-19,2019,31,19.349,6,4,-11,27.183,0,5,16,0.312,1,2,0.5,0,0,0.0,0,3,3,3,1,0,1,4,11,3.2,-5,https://www.basketball-reference.com/boxscores/201812190CHO.html
2018-12-21,2019,32,19.351,6,28,-16,28.117,0,6,17,0.353,0,1,0.0,5,5,1.0,1,4,5,3,1,0,1,6,17,9.1,-20,https://www.basketball-reference.com/boxscores/201812210TOR.html
2018-12-23,2019,33,19.353,6,5,-20,32.85,1,3,16,0.188,0,2,0.0,0,0,0.0,1,2,3,3,1,0,1,1,6,-1.0,-13,https://www.basketball-reference.com/boxscores/201812230CLE.html
2018-12-26,2019,34,19.356,6,15,-8,30.133,0,6,15,0.4,0,2,0.0,4,4,1.0,2,3,5,6,1,0,2,3,16,12.2,-2,https://www.basketball-reference.com/boxscores/201812260MEM.html
2018-12-28,2019,35,19.358,6,16,-24,28.617,0,2,10,0.2,1,4,0.25,3,4,0.75,0,2,2,3,0,0,3,1,8,0.7,-18,https://www.basketball-reference.com/boxscores/201812280MIA.html
2018-12-29,2019,36,19.359,6,1,-3,28.05,0,6,15,0.4,0,1,0.0,6,8,0.75,0,3,3,6,0,0,0,4,18,12.6,6,https://www.basketball-reference.com/boxscores/201812290ATL.html
2019-01-02,2019,37,19.363,6,16,-25,30.017,1,5,15,0.333,2,4,0.5,0,0,0.0,0,4,4,4,0,0,1,3,12,5.3,-17,https://www.basketball-reference.com/boxscores/201901020CLE.html
2019-01-04,2019,38,20.0,6,29,-26,29.633,1,3,13,0.231,3,4,0.75,4,4,1.0,0,1,1,3,1,0,4,3,13,3.3,-13,https://www.basketball-reference.com/boxscores/201901040CLE.html
2019-01-05,2019,39,20.001,6,19,-35,30.683,1,5,12,0.417,2,5,0.4,3,4,0.75,1,2,3,2,0,0,3,2,15,7.1,-30,https://www.basketball-reference.com/boxscores/201901050CLE.html
2019-01-08,2019,40,20.004,6,12,-8,29.983,1,5,8,0.625,1,2,0.5,3,3,1.0,1,0,1,4,0,0,4,3,14,8.7,-9,https://www.basketball-reference.com/boxscores/201901080CLE.html
2019-01-09,2019,41,20.005,6,19,-16,24.933,0,2,12,0.167,1,4,0.25,8,8,1.0,1,2,3,4,0,0,2,4,13,5.9,-21,https://www.basketball-reference.com/boxscores/201901090NOP.html
2019-01-11,2019,42,20.007,6,11,-28,28.2,0,4,10,0.4,1,2,0.5,5,5,1.0,0,3,3,5,2,0,3,2,14,11.2,-10,https://www.basketball-reference.com/boxscores/201901110HOU.html
2019-01-13,2019,43,20.009,6,14,6,33.417,0,7,14,0.5,1,2,0.5,2,4,0.5,0,3,3,3,1,0,1,3,17,11.0,16,https://www.basketball-reference.com/boxscores/201901130LAL.html
2019-01-16,2019,44,20.012,6,25,-17,30.25,0,5,11,0.455,0,1,0.0,1,2,0.5,0,1,1,1,0,0,1,2,11,4.1,-21,https://www.basketball-reference.com/boxscores/201901160POR.html
2019-01-18,2019,45,20.014,6,29,-16,30.15,0,4,12,0.333,2,2,1.0,5,6,0.833,0,4,4,2,1,0,6,2,15,4.6,-18,https://www.basketball-reference.com/boxscores/201901180UTA.html
2019-01-19,2019,46,20.015,6,8,-22,33.183,0,4,13,0.308,1,4,0.25,1,1,1.0,1,3,4,7,1,0,3,3,10,5.8,-14,https://www.basketball-reference.com/boxscores/201901190DEN.html
2019-01-21,2019,47,20.017,6,5,-16,29.35,1,7,17,0.412,2,6,0.333,2,3,0.667,1,2,3,0,2,0,1,0,18,10.8,-9,https://www.basketball-reference.com/boxscores/201901210CLE.html
2019-01-23,2019,48,20.019,6,2,-20,31.25,0,6,15,0.4,2,4,0.5,2,4,0.5,4,2,6,3,0,0,4,2,16,7.8,-25,https://www.basketball-reference.com/boxscores/201901230BOS.html
2019-01-25,2019,49,20.021,6,16,-6,26.983,1,4,13,0.308,3,6,0.5,2,2,1.0,0,2,2,2,0,0,0,1,13,7.1,0,https://www.basketball-reference.com/boxscores/201901250CLE.html
2019-01-27,2019,50,20.023,6,5,3,25.733,0,3,10,0.3,1,2,0.5,0,0,0.0,2,1,3,3,0,0,1,0,7,4.0,-7,https://www.basketball-reference.com/boxscores/201901270CHI.html
2019-01-29,2019,51,20.025,6,30,3,29.683,1,4,13,0.308,0,5,0.0,4,6,0.667,1,2,3,3,0,0,2,3,12,3.9,1,https://www.basketball-reference.com/boxscores/201901290CLE.html
2019-02-02,2019,52,20.029,6,7,-13,31.067,1,4,17,0.235,1,3,0.333,4,4,1.0,1,2,3,2,1,0,1,1,13,5.0,-5,https://www.basketball-reference.com/boxscores/201902020CLE.html
2019-02-05,2019,53,20.032,6,2,-7,41.783,1,11,24,0.458,3,7,0.429,2,2,1.0,1,3,4,3,2,0,2,2,27,17.5,-6,https://www.basketball-reference.com/boxscores/201902050CLE.html
2019-02-08,2019,54,20.035,6,30,-13,37.65,0,10,18,0.556,3,7,0.429,4,4,1.0,0,3,3,4,0,0,2,2,27,19.3,-11,https://www.basketball-reference.com/boxscores/201902080WAS.html
2019-02-09,2019,55,20.036,6,12,-15,29.683,0,6,14,0.429,3,3,1.0,1,1,1.0,2,3,5,4,0,0,4,2,16,8.9,-9,https://www.basketball-reference.com/boxscores/201902090IND.html
2019-02-11,2019,56,20.038,6,20,3,38.667,1,7,21,0.333,2,8,0.25,4,5,0.8,1,0,1,3,1,0,1,3,20,9.3,12,https://www.basketball-reference.com/boxscores/201902110CLE.html
2019-02-13,2019,57,20.04,6,3,-9,45.15,1,10,22,0.455,2,5,0.4,2,4,0.5,3,3,6,5,0,0,2,3,24,15.1,-7,https://www.basketball-reference.com/boxscores/201902130CLE.html
2019-02-21,2019,58,20.048,6,24,13,30.483,1,3,12,0.25,0,3,0.0,2,2,1.0,0,2,2,2,2,0,1,0,8,3.8,10,https://www.basketball-reference.com/boxscores/201902210CLE.html
2019-02-23,2019,59,20.05,6,15,5,32.35,1,8,16,0.5,4,6,0.667,0,0,0.0,1,5,6,5,2,0,4,2,20,14.9,2,https://www.basketball-reference.com/boxscores/201902230CLE.html
2019-02-25,2019,60,20.052,6,25,-13,31.5,1,3,14,0.214,3,8,0.375,2,2,1.0,0,1,1,1,1,0,1,2,11,2.6,-15,https://www.basketball-reference.com/boxscores/201902250CLE.html
2019-02-28,2019,61,20.055,6,20,7,31.533,0,7,15,0.467,2,6,0.333,6,9,0.667,1,2,3,3,0,0,0,0,22,16.5,5,https://www.basketball-reference.com/boxscores/201902280NYK.html
2019-03-02,2019,62,20.057,6,9,-36,35.15,1,3,13,0.231,0,3,0.0,10,13,0.769,0,3,3,0,0,0,0,3,16,6.6,-25,https://www.basketball-reference.com/boxscores/201903020CLE.html
2019-03-03,2019,63,20.058,6,22,14,29.433,1,6,11,0.545,1,4,0.25,4,4,1.0,0,2,2,2,1,0,5,4,17,8.1,3,https://www.basketball-reference.com/boxscores/201903030CLE.html
2019-03-06,2019,64,20.061,6,3,-6,30.65,0,4,13,0.308,1,3,0.333,3,6,0.5,1,0,1,5,0,2,3,2,12,5.1,-8,https://www.basketball-reference.com/boxscores/201903060BRK.html
2019-03-08,2019,65,20.063,6,16,-16,34.7,0,11,17,0.647,3,5,0.6,2,2,1.0,0,0,0,6,0,0,7,1,27,16.3,-16,https://www.basketball-reference.com/boxscores/201903080MIA.html
2019-03-11,2019,66,20.066,6,28,25,36.25,1,10,18,0.556,4,7,0.571,4,4,1.0,1,3,4,5,0,0,0,3,28,23.3,11,https://www.basketball-reference.com/boxscores/201903110CLE.html
2019-03-12,2019,67,20.067,6,23,-7,35.4,0,11,20,0.55,4,7,0.571,0,0,0.0,1,1,2,1,0,0,0,1,26,17.7,-6,https://www.basketball-reference.com/boxscores/201903120PHI.html
2019-03-14,2019,68,20.069,6,22,-29,38.817,0,7,16,0.438,2,7,0.286,7,8,0.875,1,3,4,3,0,1,4,1,23,14.2,-17,https://www.basketball-reference.com/boxscores/201903140ORL.html
2019-03-16,2019,69,20.071,6,7,-5,38.367,0,10,16,0.625,4,7,0.571,4,5,0.8,0,2,2,4,0,0,0,2,28,23.0,3,https://www.basketball-reference.com/boxscores/201903160DAL.html
2019-03-18,2019,70,20.073,6,9,7,32.883,1,10,16,0.625,5,6,0.833,2,2,1.0,0,2,2,1,2,0,4,0,27,19.1,11,https://www.basketball-reference.com/boxscores/201903180CLE.html
2019-03-20,2019,71,20.075,6,17,5,34.683,1,10,18,0.556,4,7,0.571,1,1,1.0,0,2,2,3,0,0,4,3,25,13.9,-7,https://www.basketball-reference.com/boxscores/201903200CLE.html
2019-03-22,2019,72,20.077,6,13,-2,30.55,1,9,15,0.6,2,4,0.5,0,0,0.0,0,4,4,1,0,0,2,5,20,11.0,-11,https://www.basketball-reference.com/boxscores/201903220CLE.html
2019-03-24,2019,73,20.079,6,17,-22,36.667,0,6,15,0.4,1,6,0.167,5,6,0.833,2,3,5,1,1,0,0,2,18,12.7,-12,https://www.basketball-reference.com/boxscores/201903240MIL.html
2019-03-26,2019,74,20.081,6,2,-10,38.65,1,9,19,0.474,3,7,0.429,3,3,1.0,0,2,2,3,0,0,1,2,24,15.2,-5,https://www.basketball-reference.com/boxscores/201903260CLE.html
2019-03-28,2019,75,20.083,6,27,-6,34.85,0,10,17,0.588,3,7,0.429,1,2,0.5,1,1,2,3,0,0,2,1,24,16.4,-12,https://www.basketball-reference.com/boxscores/201903280SAS.html
2019-03-30,2019,76,20.085,6,13,-24,39.867,0,7,17,0.412,1,5,0.2,6,6,1.0,1,2,3,3,1,0,4,1,21,11.9,-15,https://www.basketball-reference.com/boxscores/201903300LAC.html
2019-04-01,2019,77,20.087,6,24,-9,38.517,0,9,23,0.391,1,4,0.25,2,2,1.0,3,1,4,3,0,0,2,3,21,9.8,6,https://www.basketball-reference.com/boxscores/201904010PHO.html
2019-04-04,2019,78,20.09,6,26,-13,37.8,0,8,14,0.571,3,5,0.6,0,1,0.0,0,1,1,3,1,0,5,2,19,9.6,-15,https://www.basketball-reference.com/boxscores/201904040SAC.html
2019-04-05,2019,79,20.091,6,10,-6,31.9,0,10,21,0.476,3,7,0.429,4,4,1.0,0,1,1,4,2,0,0,2,27,20.6,-7,https://www.basketball-reference.com/boxscores/201904050GSW.html
2019-04-07,2019,80,20.093,6,27,-22,40.583,1,6,15,0.4,2,7,0.286,2,2,1.0,0,0,0,4,1,0,3,2,16,7.9,-14,https://www.basketball-reference.com/boxscores/201904070CLE.html
2019-04-09,2019,81,20.095,6,4,-27,37.7,1,8,17,0.471,1,7,0.143,1,2,0.5,0,1,1,10,0,0,4,1,18,11.8,-16,https://www.basketball-reference.com/boxscores/201904090CLE.html
2019-10-23,2020,0,20.292,6,22,-9,29.9,0,5,15,0.333,3,8,0.375,3,4,0.75,1,1,2,2,0,0,3,1,16,6.1,-4,https://www.basketball-reference.com/boxscores/201910230ORL.html
2019-10-26,2020,1,20.295,6,12,11,30.383,1,6,14,0.429,2,3,0.667,4,6,0.667,2,3,5,3,0,0,2,1,18,11.8,10,https://www.basketball-reference.com/boxscores/201910260CLE.html
2019-10-28,2020,2,20.297,6,17,-17,30.283,0,8,15,0.533,2,5,0.4,0,0,0.0,0,3,3,1,0,0,2,3,18,9.1,-15,https://www.basketball-reference.com/boxscores/201910280MIL.html
2019-10-30,2020,3,20.299,6,5,6,28.267,1,7,12,0.583,1,4,0.25,3,4,0.75,1,1,2,2,0,0,4,4,18,8.8,1,https://www.basketball-reference.com/boxscores/201910300CLE.html
2019-11-01,2020,4,20.301,6,12,-7,37.367,0,9,21,0.429,2,5,0.4,1,2,0.5,0,3,3,2,2,0,0,3,21,12.6,2,https://www.basketball-reference.com/boxscores/201911010IND.html
2019-11-03,2020,5,20.303,6,7,-20,25.35,1,4,14,0.286,0,4,0.0,2,2,1.0,0,6,6,2,1,0,1,1,10,4.6,-18,https://www.basketball-reference.com/boxscores/201911030CLE.html
2019-11-05,2020,6,20.305,6,2,-6,35.433,1,6,14,0.429,2,3,0.667,7,7,1.0,0,1,1,3,0,1,1,5,21,13.7,3,https://www.basketball-reference.com/boxscores/201911050CLE.html
2019-11-08,2020,7,20.308,6,30,13,31.45,0,7,19,0.368,2,5,0.4,0,0,0.0,1,1,2,1,0,0,1,4,16,4.6,6,https://www.basketball-reference.com/boxscores/201911080WAS.html
2019-11-10,2020,8,20.31,6,20,21,30.45,0,10,16,0.625,5,8,0.625,6,8,0.75,1,1,2,3,1,0,0,3,31,25.9,26,https://www.basketball-reference.com/boxscores/201911100NYK.html
2019-11-12,2020,9,20.312,6,23,-1,33.3,0,8,18,0.444,0,3,0.0,2,2,1.0,1,4,5,4,2,0,4,1,18,10.9,-2,https://www.basketball-reference.com/boxscores/201911120PHI.html
2019-11-14,2020,10,20.314,6,16,-11,27.217,1,7,16,0.438,0,3,0.0,1,1,1.0,0,4,4,3,1,0,0,1,15,10.5,-21,https://www.basketball-reference.com/boxscores/201911140CLE.html
2019-11-17,2020,11,20.317,6,23,-19,28.217,1,7,17,0.412,0,2,0.0,3,4,0.75,3,1,4,1,1,0,1,2,17,9.8,5,https://www.basketball-reference.com/boxscores/201911170CLE.html
2019-11-18,2020,12,20.318,6,20,-18,25.75,0,5,13,0.385,1,2,0.5,3,5,0.6,2,1,3,1,0,0,2,2,14,5.7,-29,https://www.basketball-reference.com/boxscores/201911180NYK.html
2019-11-20,2020,13,20.32,6,16,-24,27.083,0,8,16,0.5,1,4,0.25,2,3,0.667,0,2,2,0,2,0,1,1,19,11.8,-18,https://www.basketball-reference.com/boxscores/201911200MIA.html
2019-11-22,2020,14,20.322,6,7,-42,31.617,0,4,12,0.333,0,3,0.0,6,6,1.0,0,2,2,5,0,0,3,2,14,7.5,-18,https://www.basketball-reference.com/boxscores/201911220DAL.html
2019-11-23,2020,15,20.323,6,25,6,31.75,1,7,14,0.5,0,1,0.0,5,6,0.833,0,4,4,0,3,0,4,2,19,11.0,-1,https://www.basketball-reference.com/boxscores/201911230CLE.html
2019-11-25,2020,16,20.325,6,3,-2,32.983,1,7,22,0.318,1,6,0.167,3,4,0.75,2,1,3,2,0,0,0,0,18,8.1,-5,https://www.basketball-reference.com/boxscores/201911250CLE.html
2019-11-27,2020,17,20.327,6,22,-12,32.2,1,8,14,0.571,1,1,1.0,3,3,1.0,3,4,7,6,0,0,5,2,20,15.1,-9,https://www.basketball-reference.com/boxscores/201911270CLE.html
2019-11-29,2020,18,20.329,6,17,-9,31.717,1,7,15,0.467,1,2,0.5,1,2,0.5,1,0,1,5,3,0,1,5,16,12.1,-2,https://www.basketball-reference.com/boxscores/201911290CLE.html
2019-12-03,2020,19,20.333,6,9,-33,33.383,1,8,16,0.5,0,2,0.0,6,7,0.857,1,3,4,3,2,0,2,2,22,16.5,-9,https://www.basketball-reference.com/boxscores/201912030CLE.html
2019-12-06,2020,20,20.336,6,22,-6,30.217,1,8,16,0.5,1,3,0.333,2,2,1.0,1,2,3,1,1,0,3,0,19,11.0,8,https://www.basketball-reference.com/boxscores/201912060CLE.html
2019-12-07,2020,21,20.337,6,23,-47,24.95,0,3,13,0.231,0,1,0.0,4,5,0.8,0,0,0,2,1,0,1,0,10,3.1,-30,https://www.basketball-reference.com/boxscores/201912070PHI.html
2019-12-09,2020,22,20.339,6,2,-22,29.583,0,4,14,0.286,0,2,0.0,0,0,0.0,3,1,4,3,0,0,1,0,8,3.3,-30,https://www.basketball-reference.com/boxscores/201912090BOS.html
2019-12-11,2020,23,20.341,6,11,-6,28.617,1,8,14,0.571,0,1,0.0,2,2,1.0,1,0,1,3,1,0,2,3,18,12.0,-18,https://www.basketball-reference.com/boxscores/201912110CLE.html
2019-12-12,2020,24,20.342,6,27,8,35.117,0,10,19,0.526,1,5,0.2,7,8,0.875,0,2,2,2,1,0,1,2,28,19.5,14,https://www.basketball-reference.com/boxscores/201912120SAS.html
2019-12-14,2020,25,20.344,6,17,-17,28.25,0,3,8,0.375,0,2,0.0,2,2,1.0,1,1,2,1,3,0,3,2,8,4.5,-26,https://www.basketball-reference.com/boxscores/201912140MIL.html
2019-12-16,2020,26,20.346,6,28,-20,31.367,0,10,16,0.625,0,1,0.0,5,6,0.833,2,3,5,4,0,0,2,1,25,20.1,-24,https://www.basketball-reference.com/boxscores/201912160TOR.html
2019-12-18,2020,27,20.348,6,4,2,30.95,1,10,14,0.714,0,1,0.0,3,3,1.0,0,2,2,2,3,0,5,5,23,15.2,17,https://www.basketball-reference.com/boxscores/201912180CLE.html
2019-12-20,2020,28,20.35,6,15,7,24.917,1,2,12,0.167,0,1,0.0,5,6,0.833,1,2,3,3,0,1,2,2,9,2.3,-4,https://www.basketball-reference.com/boxscores/201912200CLE.html
2019-12-23,2020,29,20.353,6,1,3,35.8,1,12,20,0.6,0,1,0.0,1,2,0.5,1,5,6,3,1,0,2,0,25,18.7,-3,https://www.basketball-reference.com/boxscores/201912230CLE.html
2019-12-27,2020,30,20.357,6,2,-12,31.233,0,9,20,0.45,0,2,0.0,3,3,1.0,2,2,4,2,1,0,1,4,21,12.4,-6,https://www.basketball-reference.com/boxscores/201912270BOS.html
2019-12-28,2020,31,20.358,6,18,6,34.083,0,5,17,0.294,0,1,0.0,8,11,0.727,3,4,7,1,1,0,6,3,18,4.7,-5,https://www.basketball-reference.com/boxscores/201912280MIN.html
2019-12-31,2020,32,20.361,6,28,-20,31.55,0,8,15,0.533,1,4,0.25,5,5,1.0,0,1,1,1,1,0,2,1,22,14.3,-17,https://www.basketball-reference.com/boxscores/201912310TOR.html
2020-01-02,2020,33,20.363,6,4,-3,36.483,1,8,17,0.471,4,7,0.571,1,2,0.5,0,1,1,2,1,0,4,4,21,9.0,-18,https://www.basketball-reference.com/boxscores/202001020CLE.html
2020-01-04,2020,34,21.0,6,21,-15,35.767,1,12,22,0.545,2,5,0.4,4,4,1.0,2,3,5,2,0,0,0,2,30,22.3,-5,https://www.basketball-reference.com/boxscores/202001040CLE.html
2020-01-05,2020,35,21.001,6,18,-15,35.467,1,7,17,0.412,1,4,0.25,4,4,1.0,0,3,3,2,2,0,3,2,19,10.4,-25,https://www.basketball-reference.com/boxscores/202001050CLE.html
2020-01-07,2020,36,21.003,6,9,-2,34.733,1,7,19,0.368,1,3,0.333,5,6,0.833,1,1,2,2,1,0,1,0,20,11.5,-17,https://www.basketball-reference.com/boxscores/202001070CLE.html
2020-01-09,2020,37,21.005,6,9,3,39.517,0,9,19,0.474,1,2,0.5,0,0,0.0,1,5,6,1,2,2,1,1,19,14.2,4,https://www.basketball-reference.com/boxscores/202001090DET.html
2020-01-11,2020,38,21.007,6,8,8,34.3,0,9,18,0.5,4,7,0.571,3,4,0.75,1,2,3,1,0,0,1,1,25,16.2,13,https://www.basketball-reference.com/boxscores/202001110DEN.html
2020-01-13,2020,39,21.009,6,14,-29,34.667,0,6,16,0.375,0,2,0.0,4,4,1.0,1,2,3,4,0,0,2,1,16,8.9,-26,https://www.basketball-reference.com/boxscores/202001130LAL.html
2020-01-14,2020,40,21.01,6,13,-25,28.483,0,10,18,0.556,4,6,0.667,1,1,1.0,0,1,1,1,2,0,3,1,25,16.0,-17,https://www.basketball-reference.com/boxscores/202001140LAC.html
2020-01-17,2020,41,21.013,6,15,-4,37.05,0,11,25,0.44,3,8,0.375,3,3,1.0,1,3,4,6,0,0,3,4,28,16.1,10,https://www.basketball-reference.com/boxscores/202001170MEM.html
2020-01-18,2020,42,21.014,6,5,-2,33.65,0,10,17,0.588,4,6,0.667,2,2,1.0,1,6,7,2,0,0,4,2,26,17.2,8,https://www.basketball-reference.com/boxscores/202001180CHI.html
2020-01-20,2020,43,21.016,6,20,-20,35.117,1,6,20,0.3,1,4,0.25,4,4,1.0,3,2,5,4,1,1,4,1,17,8.2,-20,https://www.basketball-reference.com/boxscores/202001200CLE.html
2020-01-23,2020,44,21.019,6,30,-12,36.933,1,10,15,0.667,2,2,1.0,7,7,1.0,1,3,4,4,2,0,2,4,29,25.3,-7,https://www.basketball-reference.com/boxscores/202001230CLE.html
2020-01-25,2020,45,21.021,6,5,-12,33.717,1,7,15,0.467,3,7,0.429,1,1,1.0,0,2,2,3,1,0,3,2,18,10.2,-15,https://www.basketball-reference.com/boxscores/202001250CLE.html
2020-01-27,2020,46,21.023,6,9,15,38.483,0,10,19,0.526,0,1,0.0,3,4,0.75,1,2,3,5,0,0,5,0,23,13.1,10,https://www.basketball-reference.com/boxscores/202001270DET.html
2020-01-28,2020,47,21.024,6,19,-14,31.783,1,9,20,0.45,2,5,0.4,4,4,1.0,1,2,3,4,2,1,0,1,24,20.0,-18,https://www.basketball-reference.com/boxscores/202001280CLE.html
2020-01-30,2020,48,21.026,6,28,-6,32.867,1,9,17,0.529,1,5,0.2,4,4,1.0,3,1,4,4,1,1,4,3,23,16.4,-6,https://www.basketball-reference.com/boxscores/202001300CLE.html
2020-02-01,2020,49,21.028,6,10,-19,33.0,1,9,16,0.562,3,5,0.6,2,2,1.0,1,1,2,4,3,0,1,2,23,20.4,1,https://www.basketball-reference.com/boxscores/202002010CLE.html
2020-02-03,2020,50,21.03,6,20,-5,39.517,1,11,22,0.5,3,5,0.6,4,4,1.0,1,1,2,7,1,0,2,2,29,22.1,0,https://www.basketball-reference.com/boxscores/202002030CLE.html
2020-02-05,2020,51,21.032,6,21,-6,34.633,0,9,18,0.5,4,6,0.667,1,2,0.5,1,2,3,2,0,0,1,5,23,13.3,-1,https://www.basketball-reference.com/boxscores/202002050OKC.html
2020-02-09,2020,52,21.036,6,13,-41,27.85,1,4,13,0.308,1,4,0.25,4,4,1.0,1,1,2,3,1,0,2,4,13,6.0,-28,https://www.basketball-reference.com/boxscores/202002090CLE.html
2020-02-12,2020,53,21.039,6,1,22,32.183,1,7,17,0.412,1,4,0.25,8,9,0.889,0,2,2,6,1,0,4,3,23,14.1,9,https://www.basketball-reference.com/boxscores/202002120CLE.html
2020-02-21,2020,54,21.048,6,30,5,34.333,0,8,17,0.471,2,6,0.333,7,10,0.7,0,2,2,2,0,0,2,4,25,13.5,6,https://www.basketball-reference.com/boxscores/202002210WAS.html
2020-02-22,2020,55,21.049,6,16,-19,33.4,0,5,15,0.333,3,7,0.429,4,5,0.8,0,2,2,9,1,0,4,3,17,10.8,-15,https://www.basketball-reference.com/boxscores/202002220MIA.html
2020-02-24,2020,56,21.051,6,16,6,27.883,1,4,10,0.4,2,5,0.4,3,3,1.0,1,1,2,3,0,0,1,3,13,8.5,-24,https://www.basketball-reference.com/boxscores/202002240CLE.html
2020-02-26,2020,57,21.053,6,23,14,35.5,1,9,16,0.562,2,3,0.667,8,9,0.889,1,0,1,2,2,0,4,1,28,19.7,18,https://www.basketball-reference.com/boxscores/202002260CLE.html
2020-02-28,2020,58,21.055,6,19,-12,37.033,0,11,20,0.55,6,10,0.6,3,5,0.6,1,3,4,3,1,0,3,3,31,21.1,-11,https://www.basketball-reference.com/boxscores/202002280NOP.html
2020-02-29,2020,59,21.056,6,12,-9,37.05,1,7,16,0.438,1,3,0.333,1,2,0.5,1,2,3,4,0,0,3,2,16,7.5,-1,https://www.basketball-reference.com/boxscores/202002290CLE.html
2020-03-02,2020,60,21.058,6,29,-13,39.467,1,11,17,0.647,4,6,0.667,6,8,0.75,1,4,5,3,3,0,1,2,32,28.9,-5,https://www.basketball-reference.com/boxscores/202003020CLE.html
2020-03-04,2020,61,21.06,6,2,-6,44.833,1,17,30,0.567,3,9,0.333,4,4,1.0,0,3,3,6,1,0,4,5,41,26.9,-7,https://www.basketball-reference.com/boxscores/202003040CLE.html
2020-03-07,2020,62,21.063,6,8,2,40.317,1,11,19,0.579,1,4,0.25,2,2,1.0,0,6,6,5,2,0,6,2,25,16.6,7,https://www.basketball-reference.com/boxscores/202003070CLE.html
2020-03-08,2020,63,21.064,6,27,3,39.417,1,8,19,0.421,1,5,0.2,9,11,0.818,1,0,1,4,1,0,7,3,26,11.4,2,https://www.basketball-reference.com/boxscores/202003080CLE.html
2020-03-10,2020,64,21.066,6,5,-5,36.45,0,12,16,0.75,0,0,0.0,2,2,1.0,0,3,3,5,1,0,5,1,26,19.6,3,https://www.basketball-reference.com/boxscores/202003100CHI.html
2020-12-23,2021,0,21.354,6,4,7,37.083,1,9,16,0.562,3,4,0.75,6,9,0.667,0,2,2,5,0,0,2,4,27,18.7,6,https://www.basketball-reference.com/boxscores/202012230CLE.html
2020-12-26,2021,1,21.357,6,9,9,45.233,0,15,23,0.652,2,3,0.667,0,1,0.0,0,2,2,3,3,0,4,5,32,21.2,9,https://www.basketball-reference.com/boxscores/202012260DET.html
2020-12-27,2021,2,21.358,6,23,24,29.333,1,8,15,0.533,1,2,0.5,5,6,0.833,0,3,3,3,1,0,1,1,22,16.9,9,https://www.basketball-reference.com/boxscores/202012270CLE.html
2020-12-29,2021,3,21.36,6,20,-9,40.583,1,6,17,0.353,1,4,0.25,7,8,0.875,1,1,2,4,1,0,2,2,20,12.1,-7,https://www.basketball-reference.com/boxscores/202012290CLE.html
2020-12-31,2021,4,21.362,6,12,-20,36.6,0,12,19,0.632,2,2,1.0,2,2,1.0,0,1,1,4,1,1,2,2,28,21.5,-7,https://www.basketball-reference.com/boxscores/202012310IND.html
2021-01-02,2021,5,21.364,6,1,5,35.9,0,10,18,0.556,2,5,0.4,5,5,1.0,1,1,2,3,3,0,0,3,27,23.3,0,https://www.basketball-reference.com/boxscores/202101020ATL.html
2021-01-04,2021,6,22.0,6,22,-20,38.85,0,10,19,0.526,2,4,0.5,2,2,1.0,1,1,2,2,1,0,6,5,24,10.1,-19,https://www.basketball-reference.com/boxscores/202101040ORL.html
2021-01-06,2021,7,22.002,6,22,-11,35.0,0,8,20,0.4,3,7,0.429,2,2,1.0,1,2,3,4,1,1,0,1,21,15.6,-13,https://www.basketball-reference.com/boxscores/202101060ORL.html
2021-01-07,2021,8,22.003,6,15,4,0,0,0,0,0,0,0,0,0,0,0,0,0,0,0,0,0,0,0,0,0,0,https://www.basketball-reference.com/boxscores/202101070MEM.html
2021-01-09,2021,9,22.005,6,17,-10,0,0,0,0,0,0,0,0,0,0,0,0,0,0,0,0,0,0,0,0,0,0,https://www.basketball-reference.com/boxscores/202101090MIL.html
2021-01-11,2021,10,22.007,6,15,-10,0,1,0,0,0,0,0,0,0,0,0,0,0,0,0,0,0,0,0,0,0,0,https://www.basketball-reference.com/boxscores/202101110CLE.html
2021-01-12,2021,11,22.008,6,29,-30,0,1,0,0,0,0,0,0,0,0,0,0,0,0,0,0,0,0,0,0,0,0,https://www.basketball-reference.com/boxscores/202101120CLE.html
2021-01-15,2021,12,22.011,6,20,3,0,1,0,0,0,0,0,0,0,0,0,0,0,0,0,0,0,0,0,0,0,0,https://www.basketball-reference.com/boxscores/202101150CLE.html
2021-01-20,2021,13,22.016,6,3,12,38.2,1,16,29,0.552,5,11,0.455,5,9,0.556,3,2,5,5,2,1,1,5,42,32.4,14,https://www.basketball-reference.com/boxscores/202101200CLE.html
2021-01-22,2021,14,22.018,6,3,12,29.567,1,8,19,0.421,1,5,0.2,8,9,0.889,1,1,2,9,0,0,1,5,25,18.8,18,https://www.basketball-reference.com/boxscores/202101220CLE.html
2021-01-24,2021,15,22.02,6,2,-38,16.183,0,3,8,0.375,0,1,0.0,7,7,1.0,1,1,2,2,0,0,6,2,13,4.2,-14,https://www.basketball-reference.com/boxscores/202101240BOS.html
2021-01-25,2021,16,22.021,6,14,-7,29.6,1,6,17,0.353,2,4,0.5,3,4,0.75,0,4,4,6,1,0,4,5,17,7.5,-2,https://www.basketball-reference.com/boxscores/202101250CLE.html
2021-01-27,2021,17,22.023,6,9,15,34.767,1,10,14,0.714,1,1,1.0,8,10,0.8,0,5,5,5,2,0,5,2,29,23.6,25,https://www.basketball-reference.com/boxscores/202101270CLE.html
2021-01-29,2021,18,22.025,6,20,-21,34.9,0,6,18,0.333,0,4,0.0,5,6,0.833,1,0,1,5,0,0,2,2,17,7.8,-10,https://www.basketball-reference.com/boxscores/202101290NYK.html
2021-01-31,2021,19,22.027,6,18,-5,31.783,0,8,16,0.5,0,1,0.0,0,0,0.0,0,2,2,2,0,0,5,2,16,4.2,5,https://www.basketball-reference.com/boxscores/202101310MIN.html
2021-02-01,2021,20,22.028,6,18,2,41.467,1,7,17,0.412,2,4,0.5,10,11,0.909,0,3,3,3,0,0,2,0,26,17.5,12,https://www.basketball-reference.com/boxscores/202102010CLE.html
2021-02-03,2021,21,22.03,6,13,-22,38.467,1,11,21,0.524,1,1,1.0,4,4,1.0,0,1,1,5,1,0,1,1,27,20.1,-22,https://www.basketball-reference.com/boxscores/202102030CLE.html
2021-02-05,2021,22,22.032,6,17,-18,37.833,1,7,17,0.412,1,3,0.333,4,5,0.8,1,1,2,4,1,1,1,4,19,12.4,4,https://www.basketball-reference.com/boxscores/202102050CLE.html
2021-02-06,2021,23,22.033,6,17,-25,34.3,1,6,18,0.333,2,6,0.333,3,6,0.5,1,2,3,3,1,0,3,2,17,6.2,-24,https://www.basketball-reference.com/boxscores/202102060CLE.html
2021-02-08,2021,24,22.035,6,24,-6,34.217,0,10,15,0.667,2,4,0.5,1,1,1.0,0,2,2,5,0,0,2,4,23,17.0,-5,https://www.basketball-reference.com/boxscores/202102080PHO.html
2021-02-10,2021,25,22.037,6,8,-38,28.9,0,1,9,0.111,0,2,0.0,2,3,0.667,1,2,3,8,1,0,3,2,4,1.8,-27,https://www.basketball-reference.com/boxscores/202102100DEN.html
2021-02-12,2021,26,22.039,6,25,-19,40.867,0,8,16,0.5,1,2,0.5,8,9,0.889,0,3,3,5,2,0,2,3,25,19.8,-7,https://www.basketball-reference.com/boxscores/202102120POR.html
2021-02-14,2021,27,22.041,6,13,-17,35.4,0,8,16,0.5,0,1,0.0,6,9,0.667,2,1,3,2,1,0,2,5,22,12.9,-31,https://www.basketball-reference.com/boxscores/202102140LAC.html
2021-02-15,2021,28,22.042,6,10,-31,41.833,0,9,20,0.45,1,5,0.2,4,5,0.8,3,0,3,5,3,0,2,3,23,17.6,-26,https://www.basketball-reference.com/boxscores/202102150GSW.html
2021-02-19,2021,29,22.046,6,8,-17,37.817,1,8,17,0.471,3,7,0.429,4,6,0.667,0,0,0,4,0,0,5,2,23,10.5,-22,https://www.basketball-reference.com/boxscores/202102190CLE.html
2021-02-21,2021,30,22.048,6,21,-16,40.283,1,11,22,0.5,1,6,0.167,4,5,0.8,0,5,5,3,0,0,4,4,27,13.6,-2,https://www.basketball-reference.com/boxscores/202102210CLE.html
2021-02-23,2021,31,22.05,6,1,1,33.833,1,9,16,0.562,3,5,0.6,8,10,0.8,0,1,1,5,1,0,6,5,29,17.4,-9,https://www.basketball-reference.com/boxscores/202102230CLE.html
2021-02-24,2021,32,22.051,6,11,16,38.933,1,9,19,0.474,3,8,0.375,2,2,1.0,1,1,2,3,1,0,1,0,23,16.4,1,https://www.basketball-reference.com/boxscores/202102240CLE.html
2021-02-27,2021,33,22.054,6,23,3,44.483,0,11,27,0.407,1,5,0.2,5,6,0.833,1,4,5,3,3,0,4,4,28,14.5,1,https://www.basketball-reference.com/boxscores/202102270PHI.html
2021-03-01,2021,34,22.056,6,11,11,41.65,0,12,20,0.6,4,8,0.5,11,15,0.733,0,3,3,8,2,0,6,2,39,29.9,9,https://www.basketball-reference.com/boxscores/202103010HOU.html
2021-03-03,2021,35,22.058,6,12,-3,43.433,1,12,25,0.48,2,5,0.4,6,6,1.0,1,3,4,10,3,0,6,1,32,24.5,8,https://www.basketball-reference.com/boxscores/202103030CLE.html
2021-03-12,2021,36,22.067,6,19,-34,31.3,0,7,18,0.389,0,3,0.0,5,5,1.0,0,2,2,1,3,0,0,2,19,12.7,-31,https://www.basketball-reference.com/boxscores/202103120NOP.html
2021-03-14,2021,37,22.069,6,1,-18,28.5,0,5,17,0.294,1,5,0.2,4,6,0.667,1,1,2,1,0,0,3,1,15,2.6,-24,https://www.basketball-reference.com/boxscores/202103140ATL.html
2021-03-16,2021,38,22.071,6,16,-15,33.533,0,7,17,0.412,2,8,0.25,5,6,0.833,1,0,1,3,1,0,1,5,21,12.3,-2,https://www.basketball-reference.com/boxscores/202103160MIA.html
2021-03-17,2021,39,22.072,6,2,7,36.567,1,10,20,0.5,2,5,0.4,7,7,1.0,1,6,7,6,0,0,4,2,29,20.9,19,https://www.basketball-reference.com/boxscores/202103170CLE.html
2021-03-19,2021,40,22.074,6,27,-6,38.767,1,12,25,0.48,3,6,0.5,2,3,0.667,2,3,5,2,0,0,1,4,29,17.0,-8,https://www.basketball-reference.com/boxscores/202103190CLE.html
2021-03-21,2021,41,22.076,6,28,11,38.75,1,13,24,0.542,6,9,0.667,4,6,0.667,1,2,3,4,2,0,6,1,36,23.3,5,https://www.basketball-reference.com/boxscores/202103210CLE.html
2021-03-22,2021,42,22.077,6,26,-14,28.717,1,6,15,0.4,0,3,0.0,3,3,1.0,0,4,4,7,0,0,2,1,15,10.6,-25,https://www.basketball-reference.com/boxscores/202103220CLE.html
2021-03-24,2021,43,22.079,6,5,9,0,0,0,0,0,0,0,0,0,0,0,0,0,0,0,0,0,0,0,0,0,0,https://www.basketball-reference.com/boxscores/202103240CHI.html
2021-03-26,2021,44,22.081,6,14,-14,0,0,0,0,0,0,0,0,0,0,0,0,0,0,0,0,0,0,0,0,0,0,https://www.basketball-reference.com/boxscores/202103260LAL.html
2021-03-27,2021,45,22.082,6,26,-2,40.017,0,11,24,0.458,1,5,0.2,3,5,0.6,3,3,6,4,2,0,0,4,26,19.0,-4,https://www.basketball-reference.com/boxscores/202103270SAC.html
2021-03-29,2021,46,22.084,6,29,-39,35.35,0,8,18,0.444,0,5,0.0,4,5,0.8,1,2,3,2,2,0,1,1,20,13.5,-18,https://www.basketball-reference.com/boxscores/202103290UTA.html
2021-04-01,2021,47,22.087,6,23,-20,33.483,1,7,15,0.467,1,4,0.25,9,9,1.0,1,2,3,3,2,0,3,3,24,17.5,-22,https://www.basketball-reference.com/boxscores/202104010CLE.html
2021-04-03,2021,48,22.089,6,16,-14,35.317,0,11,17,0.647,0,4,0.0,4,4,1.0,0,3,3,3,3,0,5,3,26,18.3,-6,https://www.basketball-reference.com/boxscores/202104030MIA.html
2021-04-05,2021,49,22.091,6,27,24,33.983,0,7,17,0.412,1,5,0.2,7,8,0.875,1,2,3,5,0,0,0,2,22,16.5,2,https://www.basketball-reference.com/boxscores/202104050SAS.html
2021-04-08,2021,50,22.094,6,21,27,33.3,0,9,17,0.529,0,1,0.0,9,10,0.9,1,2,3,4,1,0,0,0,27,23.4,19,https://www.basketball-reference.com/boxscores/202104080OKC.html
2021-04-10,2021,51,22.096,6,28,-20,35.367,1,10,20,0.5,1,3,0.333,8,9,0.889,0,0,0,5,0,0,2,2,29,19.3,-17,https://www.basketball-reference.com/boxscores/202104100CLE.html
2021-04-11,2021,52,22.097,6,19,-7,0,1,0,0,0,0,0,0,0,0,0,0,0,0,0,0,0,0,0,0,0,0,https://www.basketball-reference.com/boxscores/202104110CLE.html
2021-04-14,2021,53,22.1,6,4,13,0,0,0,0,0,0,0,0,0,0,0,0,0,0,0,0,0,0,0,0,0,0,https://www.basketball-reference.com/boxscores/202104140CHO.html
2021-04-15,2021,54,22.101,6,10,-18,34.333,1,10,19,0.526,3,5,0.6,7,10,0.7,2,2,4,2,0,0,0,4,30,21.3,-29,https://www.basketball-reference.com/boxscores/202104150CLE.html
2021-04-17,2021,55,22.103,6,5,-10,34.717,0,8,20,0.4,3,6,0.5,3,4,0.75,2,3,5,2,0,1,5,2,22,9.4,-7,https://www.basketball-reference.com/boxscores/202104170CHI.html
2021-04-19,2021,56,22.105,6,9,-4,38.367,0,12,20,0.6,1,1,1.0,3,3,1.0,3,4,7,4,1,2,2,3,28,24.1,11,https://www.basketball-reference.com/boxscores/202104190DET.html
2021-04-21,2021,57,22.107,6,5,16,31.35,1,11,17,0.647,3,5,0.6,5,6,0.833,2,1,3,7,1,0,2,3,30,26.5,11,https://www.basketball-reference.com/boxscores/202104210CLE.html
2021-04-23,2021,58,22.109,6,4,-6,34.333,0,11,19,0.579,3,8,0.375,3,5,0.6,1,6,7,2,1,0,4,5,28,17.2,-4,https://www.basketball-reference.com/boxscores/202104230CHO.html
2021-04-25,2021,59,22.111,6,30,-9,0,0,0,0,0,0,0,0,0,0,0,0,0,0,0,0,0,0,0,0,0,0,https://www.basketball-reference.com/boxscores/202104250WAS.html
2021-04-26,2021,60,22.112,6,28,-16,0,0,0,0,0,0,0,0,0,0,0,0,0,0,0,0,0,0,0,0,0,0,https://www.basketball-reference.com/boxscores/202104260TOR.html
2021-04-28,2021,61,22.114,6,22,-5,0,1,0,0,0,0,0,0,0,0,0,0,0,0,0,0,0,0,0,0,0,0,https://www.basketball-reference.com/boxscores/202104280CLE.html
2021-04-30,2021,62,22.116,6,30,-29,31.917,1,7,19,0.368,1,6,0.167,7,7,1.0,3,4,7,2,1,1,8,0,22,9.9,-4,https://www.basketball-reference.com/boxscores/202104300CLE.html
2021-05-01,2021,63,22.117,6,16,-17,38.833,1,8,20,0.4,4,6,0.667,5,8,0.625,3,1,4,8,2,1,2,3,25,20.5,-21,https://www.basketball-reference.com/boxscores/202105010CLE.html
2021-05-04,2021,64,22.12,6,24,-16,38.533,1,11,24,0.458,2,5,0.4,5,7,0.714,2,5,7,7,0,0,5,5,29,16.6,-17,https://www.basketball-reference.com/boxscores/202105040CLE.html
2021-05-05,2021,65,22.121,6,25,-36,34.4,1,6,15,0.4,0,3,0.0,3,5,0.6,0,0,0,4,2,0,1,2,15,9.1,-22,https://www.basketball-reference.com/boxscores/202105050CLE.html
2021-05-07,2021,66,22.123,6,7,-20,36.417,0,9,18,0.5,0,2,0.0,9,11,0.818,2,2,4,4,0,0,2,3,27,18.8,-13,https://www.basketball-reference.com/boxscores/202105070DAL.html
2021-05-09,2021,67,22.125,6,7,-27,32.283,1,8,19,0.421,3,5,0.6,5,7,0.714,1,2,3,7,0,0,2,1,24,16.9,-9,https://www.basketball-reference.com/boxscores/202105090CLE.html
2021-05-10,2021,68,22.126,6,12,-9,36.65,1,7,26,0.269,1,6,0.167,10,12,0.833,3,2,5,8,1,0,3,1,25,14.7,-8,https://www.basketball-reference.com/boxscores/202105100CLE.html
2021-05-12,2021,69,22.128,6,2,8,32.217,1,7,15,0.467,1,2,0.5,13,16,0.812,0,2,2,8,0,1,5,1,28,20.6,0,https://www.basketball-reference.com/boxscores/202105120CLE.html
2021-05-14,2021,70,22.13,6,30,-15,30.533,0,8,16,0.5,2,4,0.5,8,8,1.0,0,1,1,4,0,0,6,3,26,13.9,-21,https://www.basketball-reference.com/boxscores/202105140WAS.html
2021-05-16,2021,71,22.132,6,3,-14,20.05,0,5,11,0.455,1,4,0.25,5,5,1.0,0,2,2,5,1,0,1,2,16,13.6,-5,https://www.basketball-reference.com/boxscores/202105160BRK.html
2021-10-20,2022,0,22.289,6,15,-11,29.383,0,7,13,0.538,2,6,0.333,1,3,0.333,1,0,1,1,0,0,1,4,17,8.7,-14,https://www.basketball-reference.com/boxscores/202110200MEM.html
2021-10-22,2022,1,22.291,6,4,-11,34.55,1,13,21,0.619,2,7,0.286,5,5,1.0,1,3,4,1,2,0,3,3,33,23.6,-5,https://www.basketball-reference.com/boxscores/202110220CLE.html
2021-10-23,2022,2,22.292,6,1,6,27.5,1,5,14,0.357,0,2,0.0,2,4,0.5,0,1,1,5,0,0,3,5,12,2.2,4,https://www.basketball-reference.com/boxscores/202110230CLE.html
2021-10-25,2022,3,22.294,6,8,12,24.65,0,4,11,0.364,3,5,0.6,3,4,0.75,0,3,3,2,0,0,1,3,14,7.6,10,https://www.basketball-reference.com/boxscores/202110250DEN.html
2021-10-27,2022,4,22.296,6,13,13,37.517,0,12,20,0.6,0,4,0.0,2,3,0.667,3,4,7,1,3,0,5,1,26,18.0,17,https://www.basketball-reference.com/boxscores/202110270LAC.html
2021-10-29,2022,5,22.298,6,14,-12,31.65,0,2,9,0.222,0,2,0.0,5,6,0.833,1,2,3,3,2,0,3,3,9,4.3,-19,https://www.basketball-reference.com/boxscores/202110290LAL.html
2021-10-30,2022,6,22.299,6,24,-9,18.683,0,4,7,0.571,0,2,0.0,2,3,0.667,0,1,1,0,0,0,6,2,10,-0.2,-15,https://www.basketball-reference.com/boxscores/202110300PHO.html
2021-11-01,2022,7,22.301,6,4,3,35.55,0,5,17,0.294,1,5,0.2,6,8,0.75,4,3,7,2,2,0,2,0,17,11.4,0,https://www.basketball-reference.com/boxscores/202111010CHO.html
2021-11-03,2022,8,22.303,6,25,3,32.633,1,8,13,0.615,2,4,0.5,3,3,1.0,0,3,3,2,0,0,5,1,21,12.0,-11,https://www.basketball-reference.com/boxscores/202111030CLE.html
2021-11-05,2022,9,22.305,6,28,1,31.833,0,4,18,0.222,1,5,0.2,0,0,0.0,3,2,5,2,1,0,2,2,9,0.3,1,https://www.basketball-reference.com/boxscores/202111050TOR.html
2021-11-07,2022,10,22.307,6,20,17,12.517,0,4,8,0.5,0,3,0.0,0,0,0.0,0,1,1,4,0,0,0,1,8,6.7,2,https://www.basketball-reference.com/boxscores/202111070NYK.html
2021-11-10,2022,11,22.31,6,30,-3,0,1,0,0,0,0,0,0,0,0,0,0,0,0,0,0,0,0,0,0,0,0,https://www.basketball-reference.com/boxscores/202111100CLE.html
2021-11-12,2022,12,22.312,6,9,20,0,1,0,0,0,0,0,0,0,0,0,0,0,0,0,0,0,0,0,0,0,0,https://www.basketball-reference.com/boxscores/202111120CLE.html
2021-11-13,2022,13,22.313,6,2,2,0,1,0,0,0,0,0,0,0,0,0,0,0,0,0,0,0,0,0,0,0,0,https://www.basketball-reference.com/boxscores/202111130CLE.html
2021-11-15,2022,14,22.315,6,2,-6,0,1,0,0,0,0,0,0,0,0,0,0,0,0,0,0,0,0,0,0,0,0,https://www.basketball-reference.com/boxscores/202111150CLE.html
2021-11-17,2022,15,22.317,6,3,-10,0,0,0,0,0,0,0,0,0,0,0,0,0,0,0,0,0,0,0,0,0,0,https://www.basketball-reference.com/boxscores/202111170BRK.html
2021-11-18,2022,16,22.318,6,10,-15,0,1,0,0,0,0,0,0,0,0,0,0,0,0,0,0,0,0,0,0,0,0,https://www.basketball-reference.com/boxscores/202111180CLE.html
2021-11-22,2022,17,22.322,6,3,-5,0,1,0,0,0,0,0,0,0,0,0,0,0,0,0,0,0,0,0,0,0,0,https://www.basketball-reference.com/boxscores/202111220CLE.html
2021-11-24,2022,18,22.324,6,24,-5,0,1,0,0,0,0,0,0,0,0,0,0,0,0,0,0,0,0,0,0,0,0,https://www.basketball-reference.com/boxscores/202111240CLE.html
2021-11-27,2022,19,22.327,6,22,13,0,1,0,0,0,0,0,0,0,0,0,0,0,0,0,0,0,0,0,0,0,0,https://www.basketball-reference.com/boxscores/202111270CLE.html
2021-11-29,2022,20,22.329,6,7,18,0,0,0,0,0,0,0,0,0,0,0,0,0,0,0,0,0,0,0,0,0,0,https://www.basketball-reference.com/boxscores/202111290DAL.html
2021-12-01,2022,21,22.331,6,16,26,0,0,0,0,0,0,0,0,0,0,0,0,0,0,0,0,0,0,0,0,0,0,https://www.basketball-reference.com/boxscores/202112010MIA.html
2021-12-03,2022,22,22.333,6,30,15,0,0,0,0,0,0,0,0,0,0,0,0,0,0,0,0,0,0,0,0,0,0,https://www.basketball-reference.com/boxscores/202112030WAS.html
2021-12-05,2022,23,22.335,6,29,-1,0,1,0,0,0,0,0,0,0,0,0,0,0,0,0,0,0,0,0,0,0,0,https://www.basketball-reference.com/boxscores/202112050CLE.html
2021-12-06,2022,24,22.336,6,17,-8,0,0,0,0,0,0,0,0,0,0,0,0,0,0,0,0,0,0,0,0,0,0,https://www.basketball-reference.com/boxscores/202112060MIL.html
2021-12-08,2022,25,22.338,6,5,23,0,1,0,0,0,0,0,0,0,0,0,0,0,0,0,0,0,0,0,0,0,0,https://www.basketball-reference.com/boxscores/202112080CLE.html
2021-12-10,2022,26,22.34,6,18,17,0,0,0,0,0,0,0,0,0,0,0,0,0,0,0,0,0,0,0,0,0,0,https://www.basketball-reference.com/boxscores/202112100MIN.html
2021-12-11,2022,27,22.341,6,26,14,0,1,0,0,0,0,0,0,0,0,0,0,0,0,0,0,0,0,0,0,0,0,https://www.basketball-reference.com/boxscores/202112110CLE.html
2021-12-13,2022,28,22.343,6,16,11,0,1,0,0,0,0,0,0,0,0,0,0,0,0,0,0,0,0,0,0,0,0,https://www.basketball-reference.com/boxscores/202112130CLE.html
2021-12-15,2022,29,22.345,6,11,35,0,1,0,0,0,0,0,0,0,0,0,0,0,0,0,0,0,0,0,0,0,0,https://www.basketball-reference.com/boxscores/202112150CLE.html
2021-12-18,2022,30,22.348,6,17,29,0,0,0,0,0,0,0,0,0,0,0,0,0,0,0,0,0,0,0,0,0,0,https://www.basketball-reference.com/boxscores/202112180MIL.html
2021-12-22,2022,31,22.352,6,2,-10,0,0,0,0,0,0,0,0,0,0,0,0,0,0,0,0,0,0,0,0,0,0,https://www.basketball-reference.com/boxscores/202112220BOS.html
2021-12-26,2022,32,22.356,6,28,45,0,1,0,0,0,0,0,0,0,0,0,0,0,0,0,0,0,0,0,0,0,0,https://www.basketball-reference.com/boxscores/202112260CLE.html
2021-12-28,2022,33,22.358,6,19,-4,0,0,0,0,0,0,0,0,0,0,0,0,0,0,0,0,0,0,0,0,0,0,https://www.basketball-reference.com/boxscores/202112280NOP.html
2021-12-30,2022,34,22.36,6,30,-17,0,0,0,0,0,0,0,0,0,0,0,0,0,0,0,0,0,0,0,0,0,0,https://www.basketball-reference.com/boxscores/202112300WAS.html
2021-12-31,2022,35,22.361,6,1,-3,0,1,0,0,0,0,0,0,0,0,0,0,0,0,0,0,0,0,0,0,0,0,https://www.basketball-reference.com/boxscores/202112310CLE.html
2022-01-02,2022,36,22.363,6,12,4,0,1,0,0,0,0,0,0,0,0,0,0,0,0,0,0,0,0,0,0,0,0,https://www.basketball-reference.com/boxscores/202201020CLE.html
2022-01-04,2022,37,23.0,6,15,-4,0,1,0,0,0,0,0,0,0,0,0,0,0,0,0,0,0,0,0,0,0,0,https://www.basketball-reference.com/boxscores/202201040CLE.html
2022-01-07,2022,38,23.003,6,25,13,0,0,0,0,0,0,0,0,0,0,0,0,0,0,0,0,0,0,0,0,0,0,https://www.basketball-reference.com/boxscores/202201070POR.html
2022-01-09,2022,39,23.005,6,10,-14,0,0,0,0,0,0,0,0,0,0,0,0,0,0,0,0,0,0,0,0,0,0,https://www.basketball-reference.com/boxscores/202201090GSW.html
2022-01-10,2022,40,23.006,6,26,1,0,0,0,0,0,0,0,0,0,0,0,0,0,0,0,0,0,0,0,0,0,0,https://www.basketball-reference.com/boxscores/202201100SAC.html
2022-01-12,2022,41,23.008,6,29,20,0,0,0,0,0,0,0,0,0,0,0,0,0,0,0,0,0,0,0,0,0,0,https://www.basketball-reference.com/boxscores/202201120UTA.html
2022-01-14,2022,42,23.01,6,27,5,0,0,0,0,0,0,0,0,0,0,0,0,0,0,0,0,0,0,0,0,0,0,https://www.basketball-reference.com/boxscores/202201140SAS.html
2022-01-15,2022,43,23.011,6,21,5,0,0,0,0,0,0,0,0,0,0,0,0,0,0,0,0,0,0,0,0,0,0,https://www.basketball-reference.com/boxscores/202201150OKC.html
2022-01-17,2022,44,23.013,6,3,7,0,1,0,0,0,0,0,0,0,0,0,0,0,0,0,0,0,0,0,0,0,0,https://www.basketball-reference.com/boxscores/202201170CLE.html
2022-01-19,2022,45,23.015,6,5,-13,0,0,0,0,0,0,0,0,0,0,0,0,0,0,0,0,0,0,0,0,0,0,https://www.basketball-reference.com/boxscores/202201190CHI.html
2022-01-22,2022,46,23.018,6,21,7,0,1,0,0,0,0,0,0,0,0,0,0,0,0,0,0,0,0,0,0,0,0,https://www.basketball-reference.com/boxscores/202201220CLE.html
2022-01-24,2022,47,23.02,6,20,2,0,1,0,0,0,0,0,0,0,0,0,0,0,0,0,0,0,0,0,0,0,0,https://www.basketball-reference.com/boxscores/202201240CLE.html
2022-01-26,2022,48,23.022,6,17,16,0,1,0,0,0,0,0,0,0,0,0,0,0,0,0,0,0,0,0,0,0,0,https://www.basketball-reference.com/boxscores/202201260CLE.html
2022-01-30,2022,49,23.026,6,9,-10,0,0,0,0,0,0,0,0,0,0,0,0,0,0,0,0,0,0,0,0,0,0,https://www.basketball-reference.com/boxscores/202201300DET.html
2022-01-31,2022,50,23.027,6,19,3,0,1,0,0,0,0,0,0,0,0,0,0,0,0,0,0,0,0,0,0,0,0,https://www.basketball-reference.com/boxscores/202201310CLE.html
2022-02-02,2022,51,23.029,6,11,-11,0,0,0,0,0,0,0,0,0,0,0,0,0,0,0,0,0,0,0,0,0,0,https://www.basketball-reference.com/boxscores/202202020HOU.html
2022-02-04,2022,52,23.031,6,4,1,0,0,0,0,0,0,0,0,0,0,0,0,0,0,0,0,0,0,0,0,0,0,https://www.basketball-reference.com/boxscores/202202040CHO.html
2022-02-06,2022,53,23.033,6,12,13,0,1,0,0,0,0,0,0,0,0,0,0,0,0,0,0,0,0,0,0,0,0,https://www.basketball-reference.com/boxscores/202202060CLE.html
2022-02-09,2022,54,23.036,6,27,13,0,1,0,0,0,0,0,0,0,0,0,0,0,0,0,0,0,0,0,0,0,0,https://www.basketball-reference.com/boxscores/202202090CLE.html
2022-02-11,2022,55,23.038,6,12,7,0,0,0,0,0,0,0,0,0,0,0,0,0,0,0,0,0,0,0,0,0,0,https://www.basketball-reference.com/boxscores/202202110IND.html
2022-02-12,2022,56,23.039,6,23,-10,0,0,0,0,0,0,0,0,0,0,0,0,0,0,0,0,0,0,0,0,0,0,https://www.basketball-reference.com/boxscores/202202120PHI.html
2022-02-15,2022,57,23.042,6,1,-8,0,0,0,0,0,0,0,0,0,0,0,0,0,0,0,0,0,0,0,0,0,0,https://www.basketball-reference.com/boxscores/202202150ATL.html
2022-02-24,2022,58,23.051,6,9,-3,0,0,0,0,0,0,0,0,0,0,0,0,0,0,0,0,0,0,0,0,0,0,https://www.basketball-reference.com/boxscores/202202240DET.html
2022-02-26,2022,59,23.053,6,30,6,0,1,0,0,0,0,0,0,0,0,0,0,0,0,0,0,0,0,0,0,0,0,https://www.basketball-reference.com/boxscores/202202260CLE.html
2022-02-28,2022,60,23.055,6,18,-5,0,1,0,0,0,0,0,0,0,0,0,0,0,0,0,0,0,0,0,0,0,0,https://www.basketball-reference.com/boxscores/202202280CLE.html
2022-03-02,2022,61,23.057,6,4,-21,0,1,0,0,0,0,0,0,0,0,0,0,0,0,0,0,0,0,0,0,0,0,https://www.basketball-reference.com/boxscores/202203020CLE.html
2022-03-04,2022,62,23.059,6,23,-6,0,0,0,0,0,0,0,0,0,0,0,0,0,0,0,0,0,0,0,0,0,0,https://www.basketball-reference.com/boxscores/202203040PHI.html
2022-03-06,2022,63,23.061,6,28,8,0,1,0,0,0,0,0,0,0,0,0,0,0,0,0,0,0,0,0,0,0,0,https://www.basketball-reference.com/boxscores/202203060CLE.html
2022-03-08,2022,64,23.063,6,12,3,0,0,0,0,0,0,0,0,0,0,0,0,0,0,0,0,0,0,0,0,0,0,https://www.basketball-reference.com/boxscores/202203080IND.html
2022-03-11,2022,65,23.066,6,16,-12,0,0,0,0,0,0,0,0,0,0,0,0,0,0,0,0,0,0,0,0,0,0,https://www.basketball-reference.com/boxscores/202203110MIA.html
2022-03-12,2022,66,23.067,6,5,-10,0,0,0,0,0,0,0,0,0,0,0,0,0,0,0,0,0,0,0,0,0,0,https://www.basketball-reference.com/boxscores/202203120CHI.html
2022-03-14,2022,67,23.069,6,13,9,0,1,0,0,0,0,0,0,0,0,0,0,0,0,0,0,0,0,0,0,0,0,https://www.basketball-reference.com/boxscores/202203140CLE.html
2022-03-16,2022,68,23.071,6,23,-4,0,1,0,0,0,0,0,0,0,0,0,0,0,0,0,0,0,0,0,0,0,0,https://www.basketball-reference.com/boxscores/202203160CLE.html
2022-03-18,2022,69,23.073,6,8,3,0,1,0,0,0,0,0,0,0,0,0,0,0,0,0,0,0,0,0,0,0,0,https://www.basketball-reference.com/boxscores/202203180CLE.html
2022-03-19,2022,70,23.074,6,9,4,0,1,0,0,0,0,0,0,0,0,0,0,0,0,0,0,0,0,0,0,0,0,https://www.basketball-reference.com/boxscores/202203190CLE.html
2022-03-21,2022,71,23.076,6,14,-11,0,1,0,0,0,0,0,0,0,0,0,0,0,0,0,0,0,0,0,0,0,0,https://www.basketball-reference.com/boxscores/202203210CLE.html
2022-03-24,2022,72,23.079,6,28,-13,0,0,0,0,0,0,0,0,0,0,0,0,0,0,0,0,0,0,0,0,0,0,https://www.basketball-reference.com/boxscores/202203240TOR.html
2022-03-26,2022,73,23.081,6,5,-4,0,1,0,0,0,0,0,0,0,0,0,0,0,0,0,0,0,0,0,0,0,0,https://www.basketball-reference.com/boxscores/202203260CLE.html
2022-03-28,2022,74,23.083,6,22,6,0,1,0,0,0,0,0,0,0,0,0,0,0,0,0,0,0,0,0,0,0,0,https://www.basketball-reference.com/boxscores/202203280CLE.html
2022-03-30,2022,75,23.085,6,7,-8,0,1,0,0,0,0,0,0,0,0,0,0,0,0,0,0,0,0,0,0,0,0,https://www.basketball-reference.com/boxscores/202203300CLE.html
2022-03-31,2022,76,23.086,6,1,-24,0,0,0,0,0,0,0,0,0,0,0,0,0,0,0,0,0,0,0,0,0,0,https://www.basketball-reference.com/boxscores/202203310ATL.html
2022-04-02,2022,77,23.088,6,20,18,0,0,0,0,0,0,0,0,0,0,0,0,0,0,0,0,0,0,0,0,0,0,https://www.basketball-reference.com/boxscores/202204020NYK.html
2022-04-03,2022,78,23.089,6,23,-4,0,1,0,0,0,0,0,0,0,0,0,0,0,0,0,0,0,0,0,0,0,0,https://www.basketball-reference.com/boxscores/202204030CLE.html
2022-04-05,2022,79,23.091,6,22,-5,0,0,0,0,0,0,0,0,0,0,0,0,0,0,0,0,0,0,0,0,0,0,https://www.basketball-reference.com/boxscores/202204050ORL.html
2022-04-08,2022,80,23.094,6,3,-11,0,0,0,0,0,0,0,0,0,0,0,0,0,0,0,0,0,0,0,0,0,0,https://www.basketball-reference.com/boxscores/202204080BRK.html
2022-04-10,2022,81,23.096,6,17,18,0,1,0,0,0,0,0,0,0,0,0,0,0,0,0,0,0,0,0,0,0,0,https://www.basketball-reference.com/boxscores/202204100CLE.html
2022-10-19,2023,0,23.288,29,8,21,20.783,1,6,12,0.5,1,4,0.25,7,8,0.875,1,4,5,2,0,0,2,2,20,14.1,8,https://www.basketball-reference.com/boxscores/202210190UTA.html
2022-10-21,2023,1,23.29,29,18,6,19.317,0,2,6,0.333,0,0,0.0,7,8,0.875,2,1,3,4,0,0,0,1,11,11.3,-7,https://www.basketball-reference.com/boxscores/202210210MIN.html
2022-10-23,2023,2,23.292,29,19,1,18.85,0,2,10,0.2,1,3,0.333,3,4,0.75,3,2,5,1,2,0,2,1,8,4.4,11,https://www.basketball-reference.com/boxscores/202210230NOP.html
2022-10-24,2023,3,23.293,29,11,-6,15.483,0,4,7,0.571,1,2,0.5,1,1,1.0,1,4,5,1,0,0,1,3,10,7.1,-5,https://www.basketball-reference.com/boxscores/202210240HOU.html
2022-10-26,2023,4,23.295,29,11,8,10.367,1,2,3,0.667,0,1,0.0,0,1,0.0,0,0,0,0,1,0,1,1,4,1.9,10,https://www.basketball-reference.com/boxscores/202210260UTA.html
2022-10-28,2023,5,23.297,29,8,-16,16.5,0,5,9,0.556,1,4,0.25,2,3,0.667,0,0,0,1,1,0,1,5,13,7.0,-32,https://www.basketball-reference.com/boxscores/202210280DEN.html
2022-10-29,2023,6,23.298,29,15,1,31.867,1,7,12,0.583,3,6,0.5,2,2,1.0,1,1,2,4,0,1,3,2,19,14.1,7,https://www.basketball-reference.com/boxscores/202210290UTA.html
2022-10-31,2023,7,23.3,29,15,16,24.25,1,4,9,0.444,2,4,0.5,5,5,1.0,1,1,2,0,2,0,2,4,15,9.7,19,https://www.basketball-reference.com/boxscores/202210310UTA.html
2022-11-02,2023,8,23.302,29,7,-3,30.867,0,7,16,0.438,1,4,0.25,4,5,0.8,1,2,3,3,2,0,3,2,19,11.8,-4,https://www.basketball-reference.com/boxscores/202211020DAL.html
2022-11-04,2023,9,23.304,29,14,14,28.6,0,7,13,0.538,3,5,0.6,0,0,0.0,2,2,4,3,0,0,2,3,17,11.6,7,https://www.basketball-reference.com/boxscores/202211040LAL.html
2022-11-06,2023,10,23.306,29,13,8,27.233,0,6,13,0.462,2,5,0.4,8,9,0.889,0,3,3,2,1,0,3,1,22,14.8,3,https://www.basketball-reference.com/boxscores/202211060LAC.html
2022-11-07,2023,11,23.307,29,14,23,27.95,1,5,10,0.5,1,4,0.25,6,7,0.857,0,5,5,3,0,0,0,2,17,14.4,19,https://www.basketball-reference.com/boxscores/202211070UTA.html
2022-11-09,2023,12,23.309,29,1,6,13.15,0,1,6,0.167,0,0,0.0,1,2,0.5,0,0,0,0,1,0,1,1,3,-1.6,-10,https://www.basketball-reference.com/boxscores/202211090ATL.html
2022-11-12,2023,13,23.312,29,30,-9,21.85,0,6,9,0.667,1,2,0.5,4,4,1.0,1,3,4,2,0,0,2,3,17,12.9,-4,https://www.basketball-reference.com/boxscores/202211120WAS.html
2022-11-13,2023,14,23.313,29,23,-7,24.867,0,7,15,0.467,0,1,0.0,1,5,0.2,1,1,2,1,1,0,2,2,15,5.6,-3,https://www.basketball-reference.com/boxscores/202211130PHI.html
2022-11-15,2023,15,23.315,29,20,-7,17.4,1,1,5,0.2,0,1,0.0,1,1,1.0,0,1,1,4,0,0,1,2,3,1.2,-17,https://www.basketball-reference.com/boxscores/202211150UTA.html
2022-11-18,2023,16,23.318,29,24,1,21.567,1,5,10,0.5,0,1,0.0,3,4,0.75,0,1,1,0,0,0,1,3,13,5.7,-20,https://www.basketball-reference.com/boxscores/202211180UTA.html
2022-11-19,2023,17,23.319,29,25,5,20.117,0,2,5,0.4,1,2,0.5,4,4,1.0,1,0,1,4,1,0,2,0,9,8.8,-9,https://www.basketball-reference.com/boxscores/202211190POR.html
2022-11-21,2023,18,23.321,29,13,-7,28.0,0,5,13,0.385,0,2,0.0,0,0,0.0,0,2,2,1,0,0,0,2,10,3.4,-9,https://www.basketball-reference.com/boxscores/202211210LAC.html
2022-11-23,2023,19,23.323,29,9,-9,35.1,1,7,12,0.583,1,4,0.25,2,2,1.0,0,0,0,12,0,0,2,5,17,15.8,-11,https://www.basketball-reference.com/boxscores/202211230UTA.html
2022-11-25,2023,20,23.325,29,10,-11,24.15,0,4,8,0.5,1,2,0.5,4,4,1.0,1,0,1,7,1,0,0,3,13,14.4,2,https://www.basketball-reference.com/boxscores/202211250GSW.html
2022-11-26,2023,21,23.326,29,24,-1,29.817,0,7,11,0.636,0,1,0.0,6,8,0.75,1,1,2,5,2,0,2,3,20,17.6,1,https://www.basketball-reference.com/boxscores/202211260PHO.html
2022-11-28,2023,22,23.328,29,5,-7,36.417,1,7,11,0.636,1,2,0.5,2,2,1.0,1,3,4,6,0,1,3,2,17,14.8,5,https://www.basketball-reference.com/boxscores/202211280UTA.html
2022-11-30,2023,23,23.33,29,13,13,30.5,1,8,13,0.615,1,2,0.5,4,5,0.8,3,3,6,6,0,0,7,1,21,14.5,19,https://www.basketball-reference.com/boxscores/202211300UTA.html
2022-12-02,2023,24,23.332,29,12,20,27.717,1,5,10,0.5,0,0,0.0,8,8,1.0,0,0,0,5,0,0,3,3,18,12.3,-3,https://www.basketball-reference.com/boxscores/202212020UTA.html
2022-12-03,2023,25,23.333,29,25,-5,31.417,1,6,11,0.545,2,4,0.5,5,6,0.833,1,2,3,0,1,0,1,2,19,13.8,8,https://www.basketball-reference.com/boxscores/202212030UTA.html
2022-12-07,2023,26,23.337,29,10,1,26.567,1,4,9,0.444,1,3,0.333,8,10,0.8,0,0,0,3,0,0,2,2,17,10.8,6,https://www.basketball-reference.com/boxscores/202212070UTA.html
2022-12-09,2023,27,23.339,29,18,-10,0,1,0,0,0,0,0,0,0,0,0,0,0,0,0,0,0,0,0,0,0,0,https://www.basketball-reference.com/boxscores/202212090UTA.html
2022-12-10,2023,28,23.34,29,8,-5,0,0,0,0,0,0,0,0,0,0,0,0,0,0,0,0,0,0,0,0,0,0,https://www.basketball-reference.com/boxscores/202212100DEN.html
2022-12-13,2023,29,23.343,29,19,21,0,1,0,0,0,0,0,0,0,0,0,0,0,0,0,0,0,0,0,0,0,0,https://www.basketball-reference.com/boxscores/202212130UTA.html
2022-12-15,2023,30,23.345,29,19,3,0,1,0,0,0,0,0,0,0,0,0,0,0,0,0,0,0,0,0,0,0,0,https://www.basketball-reference.com/boxscores/202212150UTA.html
2022-12-17,2023,31,23.347,29,17,-26,0,0,0,0,0,0,0,0,0,0,0,0,0,0,0,0,0,0,0,0,0,0,https://www.basketball-reference.com/boxscores/202212170MIL.html
2022-12-19,2023,32,23.349,29,6,-23,0,0,0,0,0,0,0,0,0,0,0,0,0,0,0,0,0,0,0,0,0,0,https://www.basketball-reference.com/boxscores/202212190CLE.html
2022-12-20,2023,33,23.35,29,9,15,0,0,0,0,0,0,0,0,0,0,0,0,0,0,0,0,0,0,0,0,0,0,https://www.basketball-reference.com/boxscores/202212200DET.html
2022-12-22,2023,34,23.352,29,30,8,17.317,1,6,7,0.857,2,2,1.0,4,4,1.0,1,0,1,0,0,0,1,4,18,13.6,12,https://www.basketball-reference.com/boxscores/202212220UTA.html
2022-12-26,2023,35,23.356,29,27,-4,22.883,0,5,12,0.417,1,2,0.5,2,2,1.0,1,1,2,4,2,0,1,2,13,10.6,7,https://www.basketball-reference.com/boxscores/202212260SAS.html
2022-12-28,2023,36,23.358,29,10,-5,16.25,0,3,7,0.429,1,2,0.5,4,4,1.0,2,0,2,4,0,0,1,4,11,8.9,-1,https://www.basketball-reference.com/boxscores/202212280GSW.html
2022-12-30,2023,37,23.36,29,26,-1,28.95,0,3,9,0.333,0,3,0.0,3,4,0.75,0,0,0,1,1,0,1,1,9,3.8,4,https://www.basketball-reference.com/boxscores/202212300SAC.html
2022-12-31,2023,38,23.361,29,16,-3,24.35,1,4,11,0.364,3,5,0.6,3,3,1.0,1,1,2,3,1,0,1,4,14,9.4,-1,https://www.basketball-reference.com/boxscores/202212310UTA.html
2023-01-03,2023,39,23.364,29,26,-2,0,1,0,0,0,0,0,0,0,0,0,0,0,0,0,0,0,0,0,0,0,0,https://www.basketball-reference.com/boxscores/202301030UTA.html
2023-01-05,2023,40,24.001,29,11,17,0,0,0,0,0,0,0,0,0,0,0,0,0,0,0,0,0,0,0,0,0,0,https://www.basketball-reference.com/boxscores/202301050HOU.html
2023-01-07,2023,41,24.003,29,5,-8,0,0,0,0,0,0,0,0,0,0,0,0,0,0,0,0,0,0,0,0,0,0,https://www.basketball-reference.com/boxscores/202301070CHI.html
2023-01-08,2023,42,24.004,29,15,-5,0,0,0,0,0,0,0,0,0,0,0,0,0,0,0,0,0,0,0,0,0,0,https://www.basketball-reference.com/boxscores/202301080MEM.html
2023-01-10,2023,43,24.006,29,6,2,0,1,0,0,0,0,0,0,0,0,0,0,0,0,0,0,0,0,0,0,0,0,https://www.basketball-reference.com/boxscores/202301100UTA.html
2023-01-13,2023,44,24.009,29,22,4,23.867,1,7,12,0.583,2,3,0.667,2,4,0.5,2,1,3,3,0,0,2,1,18,13.0,17,https://www.basketball-reference.com/boxscores/202301130UTA.html
2023-01-14,2023,45,24.01,29,23,-1,0,1,0,0,0,0,0,0,0,0,0,0,0,0,0,0,0,0,0,0,0,0,https://www.basketball-reference.com/boxscores/202301140UTA.html
2023-01-16,2023,46,24.012,29,18,1,26.167,0,7,10,0.7,0,0,0.0,5,5,1.0,0,4,4,4,0,0,3,3,19,14.6,-1,https://www.basketball-reference.com/boxscores/202301160MIN.html
2023-01-18,2023,47,24.014,29,13,23,21.867,1,3,9,0.333,0,1,0.0,5,7,0.714,0,1,1,1,1,1,3,3,11,3.6,-2,https://www.basketball-reference.com/boxscores/202301180UTA.html
2023-01-20,2023,48,24.016,29,3,-11,29.1,1,7,12,0.583,2,3,0.667,1,4,0.25,0,0,0,1,1,0,0,3,17,10.7,2,https://www.basketball-reference.com/boxscores/202301200UTA.html
2023-01-23,2023,49,24.019,29,4,18,20.233,1,3,8,0.375,0,1,0.0,5,5,1.0,2,0,2,3,0,0,2,2,11,7.3,3,https://www.basketball-reference.com/boxscores/202301230UTA.html
2023-01-25,2023,50,24.021,29,25,-10,21.767,0,8,11,0.727,3,3,1.0,0,0,0.0,0,4,4,2,0,1,3,3,19,13.6,-12,https://www.basketball-reference.com/boxscores/202301250POR.html
2023-01-28,2023,51,24.024,29,7,8,19.1,1,3,7,0.429,2,4,0.5,4,4,1.0,1,1,2,1,1,0,1,2,12,9.2,-10,https://www.basketball-reference.com/boxscores/202301280UTA.html
2023-02-01,2023,52,24.028,29,28,3,19.683,1,4,7,0.571,2,4,0.5,2,2,1.0,2,1,3,4,0,0,3,1,12,9.8,5,https://www.basketball-reference.com/boxscores/202302010UTA.html
2023-02-03,2023,53,24.03,29,1,-7,20.267,1,6,9,0.667,0,1,0.0,0,0,0.0,0,1,1,0,0,0,3,0,12,5.4,-4,https://www.basketball-reference.com/boxscores/202302030UTA.html
2023-02-06,2023,54,24.033,29,7,-13,25.05,1,2,3,0.667,0,0,0.0,6,6,1.0,0,0,0,1,0,0,2,4,10,5.8,-5,https://www.basketball-reference.com/boxscores/202302060UTA.html
2023-02-08,2023,55,24.035,29,18,-25,31.267,1,6,10,0.6,4,5,0.8,6,8,0.75,2,3,5,5,0,0,0,0,22,22.4,-23,https://www.basketball-reference.com/boxscores/202302080UTA.html
2023-02-10,2023,56,24.037,29,28,6,36.9,0,8,14,0.571,0,3,0.0,6,7,0.857,0,5,5,6,2,2,3,3,22,19.9,1,https://www.basketball-reference.com/boxscores/202302100TOR.html
2023-02-11,2023,57,24.038,29,20,-6,30.533,0,6,12,0.5,1,4,0.25,2,5,0.4,1,1,2,5,0,0,2,6,15,7.9,-13,https://www.basketball-reference.com/boxscores/202302110NYK.html
2023-02-13,2023,58,24.04,29,12,6,29.45,0,7,14,0.5,0,1,0.0,4,5,0.8,0,1,1,6,2,0,2,2,18,14.3,10,https://www.basketball-reference.com/boxscores/202302130IND.html
2023-02-15,2023,59,24.042,29,15,-6,3.683,0,0,2,0.0,0,1,0.0,0,0,0.0,0,0,0,1,0,0,1,0,0,-1.7,-8,https://www.basketball-reference.com/boxscores/202302150MEM.html
2023-02-23,2023,60,24.05,29,21,1,0,1,0,0,0,0,0,0,0,0,0,0,0,0,0,0,0,0,0,0,0,0,https://www.basketball-reference.com/boxscores/202302230UTA.html
2023-02-25,2023,61,24.052,29,27,16,0,1,0,0,0,0,0,0,0,0,0,0,0,0,0,0,0,0,0,0,0,0,https://www.basketball-reference.com/boxscores/202302250UTA.html
2023-02-28,2023,62,24.055,29,27,-8,0,1,0,0,0,0,0,0,0,0,0,0,0,0,0,0,0,0,0,0,0,0,https://www.basketball-reference.com/boxscores/202302280UTA.html
2023-03-03,2023,63,24.058,29,21,-27,0,0,0,0,0,0,0,0,0,0,0,0,0,0,0,0,0,0,0,0,0,0,https://www.basketball-reference.com/boxscores/202303030OKC.html
2023-03-05,2023,64,24.06,29,21,-10,0,0,0,0,0,0,0,0,0,0,0,0,0,0,0,0,0,0,0,0,0,0,https://www.basketball-reference.com/boxscores/202303050OKC.html
2023-03-07,2023,65,24.062,29,7,-4,0,0,0,0,0,0,0,0,0,0,0,0,0,0,0,0,0,0,0,0,0,0,https://www.basketball-reference.com/boxscores/202303070DAL.html
2023-03-09,2023,66,24.064,29,22,7,0,0,0,0,0,0,0,0,0,0,0,0,0,0,0,0,0,0,0,0,0,0,https://www.basketball-reference.com/boxscores/202303090ORL.html
2023-03-11,2023,67,24.066,29,4,8,0,0,0,0,0,0,0,0,0,0,0,0,0,0,0,0,0,0,0,0,0,0,https://www.basketball-reference.com/boxscores/202303110CHO.html
2023-03-13,2023,68,24.068,29,16,-4,0,0,0,0,0,0,0,0,0,0,0,0,0,0,0,0,0,0,0,0,0,0,https://www.basketball-reference.com/boxscores/202303130MIA.html
2023-03-18,2023,69,24.073,29,2,1,0,1,0,0,0,0,0,0,0,0,0,0,0,0,0,0,0,0,0,0,0,0,https://www.basketball-reference.com/boxscores/202303180UTA.html
2023-03-20,2023,70,24.075,29,26,8,0,1,0,0,0,0,0,0,0,0,0,0,0,0,0,0,0,0,0,0,0,0,https://www.basketball-reference.com/boxscores/202303200UTA.html
2023-03-22,2023,71,24.077,29,25,-12,0,1,0,0,0,0,0,0,0,0,0,0,0,0,0,0,0,0,0,0,0,0,https://www.basketball-reference.com/boxscores/202303220UTA.html
2023-03-24,2023,72,24.079,29,17,-28,0,1,0,0,0,0,0,0,0,0,0,0,0,0,0,0,0,0,0,0,0,0,https://www.basketball-reference.com/boxscores/202303240UTA.html
2023-03-25,2023,73,24.08,29,26,-8,0,0,0,0,0,0,0,0,0,0,0,0,0,0,0,0,0,0,0,0,0,0,https://www.basketball-reference.com/boxscores/202303250SAC.html
2023-03-27,2023,74,24.082,29,24,-14,0,1,0,0,0,0,0,0,0,0,0,0,0,0,0,0,0,0,0,0,0,0,https://www.basketball-reference.com/boxscores/202303270UTA.html
2023-03-29,2023,75,24.084,29,27,11,0,0,0,0,0,0,0,0,0,0,0,0,0,0,0,0,0,0,0,0,0,0,https://www.basketball-reference.com/boxscores/202303290SAS.html
2023-03-31,2023,76,24.086,29,2,-8,0,0,0,0,0,0,0,0,0,0,0,0,0,0,0,0,0,0,0,0,0,0,https://www.basketball-reference.com/boxscores/202303310BOS.html
2023-04-02,2023,77,24.088,29,3,-1,0,0,0,0,0,0,0,0,0,0,0,0,0,0,0,0,0,0,0,0,0,0,https://www.basketball-reference.com/boxscores/202304020BRK.html
2023-04-04,2023,78,24.09,29,14,-2,15.717,1,7,14,0.5,0,5,0.0,1,2,0.5,0,1,1,3,0,0,1,3,15,7.8,0,https://www.basketball-reference.com/boxscores/202304040UTA.html
2023-04-06,2023,79,24.092,29,21,-16,0,1,0,0,0,0,0,0,0,0,0,0,0,0,0,0,0,0,0,0,0,0,https://www.basketball-reference.com/boxscores/202304060UTA.html
2023-04-08,2023,80,24.094,29,8,4,0,1,0,0,0,0,0,0,0,0,0,0,0,0,0,0,0,0,0,0,0,0,https://www.basketball-reference.com/boxscores/202304080UTA.html
2023-04-09,2023,81,24.095,29,14,-11,0,0,0,0,0,0,0,0,0,0,0,0,0,0,0,0,0,0,0,0,0,0,https://www.basketball-reference.com/boxscores/202304090LAL.html
2023-10-25,2024,0,24.294,29,26,-16,19.967,1,2,9,0.222,0,2,0.0,5,7,0.714,0,3,3,0,0,0,3,3,9,-0.6,-10,https://www.basketball-reference.com/boxscores/202310250UTA.html
2023-10-27,2024,1,24.296,29,13,2,19.517,1,5,12,0.417,0,2,0.0,3,4,0.75,0,1,1,0,0,0,0,3,13,5.3,-4,https://www.basketball-reference.com/boxscores/202310270UTA.html
2023-10-28,2024,2,24.297,29,24,-22,23.05,0,4,8,0.5,0,0,0.0,6,6,1.0,1,1,2,6,0,0,2,1,14,12.8,-7,https://www.basketball-reference.com/boxscores/202310280PHO.html
2023-10-30,2024,3,24.299,29,8,-8,16.85,0,5,10,0.5,2,5,0.4,0,0,0.0,0,0,0,0,0,0,1,2,12,5.2,-10,https://www.basketball-reference.com/boxscores/202310300DEN.html
2023-11-01,2024,4,24.301,29,15,24,22.417,1,8,10,0.8,4,6,0.667,3,3,1.0,1,2,3,6,0,0,2,1,23,22.3,22,https://www.basketball-reference.com/boxscores/202311010UTA.html
2023-11-02,2024,5,24.302,29,22,-2,16.883,1,3,8,0.375,0,2,0.0,4,6,0.667,1,0,1,1,0,0,2,1,10,3.8,-5,https://www.basketball-reference.com/boxscores/202311020UTA.html
2023-11-04,2024,6,24.304,29,18,-28,18.983,0,1,3,0.333,1,3,0.333,4,4,1.0,2,2,4,4,0,1,6,2,7,4.0,-14,https://www.basketball-reference.com/boxscores/202311040MIN.html
2023-11-06,2024,7,24.306,29,5,-17,16.817,0,6,10,0.6,1,3,0.333,1,1,1.0,1,2,3,2,0,0,1,3,14,9.9,1,https://www.basketball-reference.com/boxscores/202311060CHI.html
2023-11-08,2024,8,24.308,29,12,-16,15.983,0,3,9,0.333,1,2,0.5,3,3,1.0,0,2,2,2,0,0,0,0,10,6.9,-7,https://www.basketball-reference.com/boxscores/202311080IND.html
2023-11-10,2024,9,24.31,29,15,6,17.667,0,3,8,0.375,0,2,0.0,4,4,1.0,1,1,2,6,1,0,3,0,10,8.8,3,https://www.basketball-reference.com/boxscores/202311100MEM.html
2023-11-14,2024,10,24.314,29,25,16,28.183,1,5,11,0.455,1,5,0.2,2,2,1.0,0,4,4,7,2,1,2,3,13,12.9,14,https://www.basketball-reference.com/boxscores/202311140UTA.html
2023-11-17,2024,11,24.317,29,24,-3,20.367,1,3,8,0.375,0,2,0.0,2,2,1.0,2,2,4,4,0,2,0,3,8,8.6,-6,https://www.basketball-reference.com/boxscores/202311170UTA.html
2023-11-19,2024,12,24.319,29,24,-3,22.517,1,6,13,0.462,3,6,0.5,3,3,1.0,3,2,5,2,1,0,2,0,18,14.4,12,https://www.basketball-reference.com/boxscores/202311190UTA.html
2023-11-21,2024,13,24.321,29,14,-32,21.65,0,6,11,0.545,2,3,0.667,0,0,0.0,0,3,3,4,0,0,1,2,14,10.6,-9,https://www.basketball-reference.com/boxscores/202311210LAL.html
2023-11-22,2024,14,24.322,29,25,-16,11.233,0,0,5,0.0,0,3,0.0,1,2,0.5,1,1,2,2,1,0,2,2,1,-2.3,-16,https://www.basketball-reference.com/boxscores/202311220POR.html
2023-11-25,2024,15,24.325,29,19,5,28.233,1,5,13,0.385,3,8,0.375,3,4,0.75,2,1,3,6,0,0,2,0,16,12.4,3,https://www.basketball-reference.com/boxscores/202311250UTA.html
2023-11-27,2024,16,24.327,29,19,2,17.667,1,4,9,0.444,3,6,0.5,0,0,0.0,1,1,2,0,2,0,4,2,11,4.5,6,https://www.basketball-reference.com/boxscores/202311270UTA.html
2023-11-29,2024,17,24.329,29,15,-14,22.133,0,3,10,0.3,1,4,0.25,2,3,0.667,1,0,1,3,1,0,2,3,9,3.4,-3,https://www.basketball-reference.com/boxscores/202311290MEM.html
2023-11-30,2024,18,24.33,29,18,-11,23.267,0,4,8,0.5,1,2,0.5,5,5,1.0,0,3,3,4,0,0,3,1,14,10.3,-3,https://www.basketball-reference.com/boxscores/202311300MIN.html
2023-12-02,2024,19,24.332,29,25,5,30.467,1,9,13,0.692,0,2,0.0,7,7,1.0,1,3,4,5,0,0,3,2,25,20.8,4,https://www.basketball-reference.com/boxscores/202312020UTA.html
2023-12-06,2024,20,24.336,29,7,-50,17.917,0,0,4,0.0,0,1,0.0,7,8,0.875,0,3,3,5,1,0,2,1,7,6.8,-3,https://www.basketball-reference.com/boxscores/202312060DAL.html
2023-12-08,2024,21,24.338,29,13,-14,17.733,1,5,12,0.417,1,4,0.25,2,2,1.0,0,3,3,3,1,0,1,2,13,8.8,-1,https://www.basketball-reference.com/boxscores/202312080UTA.html
2023-12-11,2024,22,24.341,29,21,-14,26.467,0,7,13,0.538,1,4,0.25,5,6,0.833,2,2,4,2,2,0,0,1,20,18.3,-1,https://www.basketball-reference.com/boxscores/202312110OKC.html
2023-12-13,2024,23,24.343,29,20,4,30.283,1,10,18,0.556,3,8,0.375,3,3,1.0,1,3,4,7,0,0,2,4,26,20.3,-9,https://www.basketball-reference.com/boxscores/202312130UTA.html
2023-12-14,2024,24,24.344,29,25,8,31.833,0,11,17,0.647,2,5,0.4,3,3,1.0,1,1,2,4,1,0,2,2,27,21.5,17,https://www.basketball-reference.com/boxscores/202312140POR.html
2023-12-16,2024,25,24.346,29,26,-21,32.617,0,10,18,0.556,2,6,0.333,6,7,0.857,1,2,3,1,1,0,1,2,28,20.2,-27,https://www.basketball-reference.com/boxscores/202312160SAC.html
2023-12-18,2024,26,24.348,29,3,17,35.067,1,6,17,0.353,3,7,0.429,12,13,0.923,1,2,3,6,0,0,2,3,27,19.4,18,https://www.basketball-reference.com/boxscores/202312180UTA.html
2023-12-20,2024,27,24.35,29,6,-8,33.933,0,7,17,0.412,3,6,0.5,3,4,0.75,0,3,3,2,0,1,2,5,20,9.5,6,https://www.basketball-reference.com/boxscores/202312200CLE.html
2023-12-21,2024,28,24.351,29,9,8,32.05,0,6,18,0.333,1,3,0.333,6,6,1.0,3,1,4,8,4,0,3,3,19,16.6,-10,https://www.basketball-reference.com/boxscores/202312210DET.html
2023-12-23,2024,29,24.353,29,28,7,24.933,0,5,11,0.455,1,2,0.5,5,6,0.833,0,0,0,3,1,0,1,0,16,12.0,-11,https://www.basketball-reference.com/boxscores/202312230TOR.html
2023-12-26,2024,30,24.356,29,27,12,28.867,0,8,10,0.8,0,2,0.0,4,5,0.8,0,3,3,6,1,1,1,4,20,20.0,-7,https://www.basketball-reference.com/boxscores/202312260SAS.html
2023-12-28,2024,31,24.358,29,19,-7,30.0,0,8,17,0.471,3,6,0.5,7,9,0.778,1,4,5,3,0,0,0,4,26,18.9,3,https://www.basketball-reference.com/boxscores/202312280NOP.html
2023-12-30,2024,32,24.36,29,16,8,25.7,1,8,14,0.571,1,4,0.25,5,6,0.833,1,1,2,5,1,0,3,1,22,17.1,-2,https://www.basketball-reference.com/boxscores/202312300UTA.html
2024-01-01,2024,33,24.362,29,7,37,18.883,1,2,8,0.25,0,3,0.0,4,4,1.0,1,2,3,6,0,0,1,1,8,7.3,1,https://www.basketball-reference.com/boxscores/202401010UTA.html
2024-01-03,2024,34,24.364,29,9,6,30.267,1,7,14,0.5,1,2,0.5,10,10,1.0,1,1,2,5,1,0,0,5,25,21.5,2,https://www.basketball-reference.com/boxscores/202401030UTA.html
2024-01-05,2024,35,25.001,29,2,-29,20.467,0,5,12,0.417,0,3,0.0,3,3,1.0,0,1,1,3,3,0,3,1,13,8.6,-13,https://www.basketball-reference.com/boxscores/202401050BOS.html
2024-01-06,2024,36,25.002,29,23,11,27.117,0,9,14,0.643,1,3,0.333,3,4,0.75,1,2,3,10,0,0,5,3,22,17.5,7,https://www.basketball-reference.com/boxscores/202401060PHI.html
2024-01-08,2024,37,25.004,29,17,16,18.217,0,8,13,0.615,3,6,0.5,0,0,0.0,0,0,0,3,1,0,0,0,19,16.2,1,https://www.basketball-reference.com/boxscores/202401080MIL.html
2024-01-10,2024,38,25.006,29,8,13,21.133,1,8,14,0.571,2,4,0.5,4,4,1.0,1,1,2,4,1,1,1,3,22,18.7,11,https://www.basketball-reference.com/boxscores/202401100UTA.html
2024-01-12,2024,39,25.008,29,28,32,20.15,1,5,10,0.5,3,3,1.0,7,8,0.875,0,2,2,5,2,0,2,0,20,18.7,15,https://www.basketball-reference.com/boxscores/202401120UTA.html
2024-01-13,2024,40,25.009,29,14,7,27.717,1,8,13,0.615,1,4,0.25,10,10,1.0,1,3,4,5,0,0,1,5,27,23.2,18,https://www.basketball-reference.com/boxscores/202401130UTA.html
2024-01-15,2024,41,25.011,29,12,27,24.267,1,11,17,0.647,4,5,0.8,4,4,1.0,1,2,3,5,0,0,1,2,30,25.5,14,https://www.basketball-reference.com/boxscores/202401150UTA.html
2024-01-18,2024,42,25.014,29,21,-5,34.083,1,10,19,0.526,4,7,0.571,7,10,0.7,1,0,1,7,1,0,2,4,31,23.5,4,https://www.basketball-reference.com/boxscores/202401180UTA.html
2024-01-20,2024,43,25.016,29,11,-1,40.2,0,11,27,0.407,2,7,0.286,4,4,1.0,3,0,3,5,2,0,2,4,28,17.5,12,https://www.basketball-reference.com/boxscores/202401200HOU.html
2024-01-23,2024,44,25.019,29,19,-29,23.6,0,9,12,0.75,2,4,0.5,2,3,0.667,0,3,3,7,0,1,1,0,22,22.3,-15,https://www.basketball-reference.com/boxscores/202401230NOP.html
2024-01-25,2024,45,25.021,29,30,15,16.867,0,4,11,0.364,1,2,0.5,2,2,1.0,1,2,3,6,1,0,2,2,11,8.6,2,https://www.basketball-reference.com/boxscores/202401250WAS.html
2024-01-27,2024,46,25.023,29,4,12,35.35,0,9,19,0.474,3,7,0.429,3,5,0.6,2,2,4,13,2,0,3,0,24,23.6,19,https://www.basketball-reference.com/boxscores/202401270CHO.html
2024-01-29,2024,47,25.025,29,3,-33,23.567,0,1,10,0.1,0,2,0.0,4,4,1.0,0,1,1,7,0,0,2,1,6,2.2,-5,https://www.basketball-reference.com/boxscores/202401290BRK.html
2024-01-30,2024,48,25.026,29,20,-15,27.967,0,7,13,0.538,2,4,0.5,6,8,0.75,2,1,3,7,0,0,2,2,22,18.7,-6,https://www.basketball-reference.com/boxscores/202401300NYK.html
2024-02-01,2024,49,25.028,29,23,-3,24.817,1,8,14,0.571,2,4,0.5,4,4,1.0,0,1,1,6,1,1,3,2,22,17.8,-6,https://www.basketball-reference.com/boxscores/202402010UTA.html
2024-02-04,2024,50,25.031,29,17,15,25.067,1,5,13,0.385,3,7,0.429,6,6,1.0,0,1,1,3,0,0,4,2,19,9.5,-3,https://www.basketball-reference.com/boxscores/202402040UTA.html
2024-02-06,2024,51,25.033,29,21,7,26.217,1,4,10,0.4,1,3,0.333,5,5,1.0,0,0,0,4,0,0,2,2,14,8.6,5,https://www.basketball-reference.com/boxscores/202402060UTA.html
2024-02-08,2024,52,25.035,29,24,-14,24.417,0,7,15,0.467,3,6,0.5,2,6,0.333,2,2,4,8,0,1,5,2,19,12.2,-6,https://www.basketball-reference.com/boxscores/202402080PHO.html
2024-02-12,2024,53,25.039,29,10,-22,26.05,1,9,15,0.6,2,3,0.667,2,4,0.5,2,4,6,5,0,0,2,1,22,18.0,-20,https://www.basketball-reference.com/boxscores/202402120UTA.html
2024-02-14,2024,54,25.041,29,14,-16,26.083,1,8,15,0.533,2,5,0.4,0,0,0.0,0,0,0,3,0,2,0,1,18,13.8,-12,https://www.basketball-reference.com/boxscores/202402140UTA.html
