date,season,game,age,team,opp,game-result,min-played,game-location,fg,fga,fg-pct,fg3,fg3a,fg3-pct,ft,fta,ft-pct,orb,drb,trb,ast,stl,blk,tov,pf,points,game-score,plus-minus,game-link,0
2018-10-17,2019.0,0.0,20.028,1.0,20.0,-19.0,33.133,0.0,5.0,14.0,0.357,1.0,5.0,0.2,3.0,4.0,0.75,0.0,6.0,6.0,5.0,0.0,0.0,4.0,4.0,14.0,5.5,-20.0,https://www.basketball-reference.com/boxscores/201810170NYK.html,
2018-10-19,2019.0,1.0,20.03,1.0,15.0,-14.0,33.083,0.0,7.0,18.0,0.389,4.0,9.0,0.444,2.0,3.0,0.667,1.0,1.0,2.0,9.0,1.0,1.0,3.0,2.0,20.0,15.0,-11.0,https://www.basketball-reference.com/boxscores/201810190MEM.html,
2018-10-21,2019.0,2.0,20.032,1.0,6.0,22.0,37.667,0.0,13.0,23.0,0.565,6.0,14.0,0.429,3.0,3.0,1.0,0.0,2.0,2.0,11.0,1.0,0.0,1.0,2.0,35.0,31.6,19.0,https://www.basketball-reference.com/boxscores/201810210CLE.html,
2018-10-24,2019.0,3.0,20.035,1.0,7.0,7.0,25.583,1.0,3.0,12.0,0.25,1.0,3.0,0.333,10.0,13.0,0.769,1.0,3.0,4.0,5.0,0.0,1.0,5.0,4.0,17.0,7.8,-6.0,https://www.basketball-reference.com/boxscores/201810240ATL.html,
2018-10-27,2019.0,4.0,20.038,1.0,5.0,-12.0,30.433,1.0,3.0,12.0,0.25,0.0,6.0,0.0,7.0,9.0,0.778,1.0,2.0,3.0,4.0,2.0,0.0,5.0,0.0,13.0,6.1,-21.0,https://www.basketball-reference.com/boxscores/201810270ATL.html,
2018-10-29,2019.0,5.0,20.04,1.0,23.0,-21.0,29.217,0.0,5.0,13.0,0.385,1.0,6.0,0.167,0.0,0.0,0.0,0.0,2.0,2.0,8.0,0.0,0.0,0.0,1.0,11.0,9.7,-14.0,https://www.basketball-reference.com/boxscores/201810290PHI.html,
2018-10-30,2019.0,6.0,20.041,1.0,6.0,-22.0,31.383,0.0,9.0,13.0,0.692,3.0,4.0,0.75,3.0,5.0,0.6,0.0,1.0,1.0,4.0,0.0,0.0,3.0,2.0,24.0,17.0,-29.0,https://www.basketball-reference.com/boxscores/201810300CLE.html,
2018-11-01,2019.0,7.0,20.043,1.0,26.0,-31.0,27.033,1.0,6.0,13.0,0.462,0.0,1.0,0.0,2.0,3.0,0.667,0.0,3.0,3.0,10.0,0.0,0.0,8.0,3.0,14.0,5.6,-11.0,https://www.basketball-reference.com/boxscores/201811010ATL.html,
2018-11-03,2019.0,8.0,20.045,1.0,16.0,5.0,31.433,1.0,9.0,19.0,0.474,2.0,8.0,0.25,4.0,5.0,0.8,2.0,4.0,6.0,15.0,0.0,1.0,5.0,0.0,24.0,22.7,5.0,https://www.basketball-reference.com/boxscores/201811030ATL.html,
2018-11-06,2019.0,9.0,20.048,1.0,4.0,-11.0,29.817,0.0,8.0,19.0,0.421,0.0,7.0,0.0,2.0,2.0,1.0,1.0,2.0,3.0,10.0,0.0,0.0,6.0,0.0,18.0,10.2,-15.0,https://www.basketball-reference.com/boxscores/201811060CHO.html,
2018-11-07,2019.0,10.0,20.049,1.0,20.0,-5.0,30.633,1.0,6.0,19.0,0.316,1.0,7.0,0.143,2.0,2.0,1.0,1.0,4.0,5.0,8.0,0.0,0.0,2.0,2.0,15.0,8.8,3.0,https://www.basketball-reference.com/boxscores/201811070ATL.html,
2018-11-09,2019.0,11.0,20.051,1.0,9.0,-15.0,23.217,1.0,4.0,9.0,0.444,0.0,3.0,0.0,8.0,8.0,1.0,1.0,3.0,4.0,5.0,0.0,0.0,6.0,1.0,16.0,10.0,-18.0,https://www.basketball-reference.com/boxscores/201811090ATL.html,
2018-11-11,2019.0,12.0,20.053,1.0,14.0,-1.0,35.133,0.0,8.0,18.0,0.444,4.0,8.0,0.5,0.0,0.0,0.0,1.0,1.0,2.0,12.0,1.0,1.0,4.0,2.0,20.0,16.9,15.0,https://www.basketball-reference.com/boxscores/201811110LAL.html,
2018-11-13,2019.0,13.0,20.055,1.0,10.0,-7.0,27.5,0.0,2.0,12.0,0.167,0.0,5.0,0.0,0.0,0.0,0.0,0.0,5.0,5.0,9.0,3.0,0.0,3.0,2.0,4.0,3.4,-11.0,https://www.basketball-reference.com/boxscores/201811130GSW.html,
2018-11-15,2019.0,14.0,20.057,1.0,8.0,-45.0,26.6,0.0,2.0,11.0,0.182,0.0,4.0,0.0,2.0,2.0,1.0,0.0,2.0,2.0,5.0,1.0,0.0,5.0,1.0,6.0,-1.2,-22.0,https://www.basketball-reference.com/boxscores/201811150DEN.html,
2018-11-17,2019.0,15.0,20.059,1.0,12.0,-8.0,23.717,0.0,3.0,11.0,0.273,0.0,5.0,0.0,3.0,4.0,0.75,0.0,1.0,1.0,4.0,1.0,0.0,3.0,2.0,9.0,2.4,-14.0,https://www.basketball-reference.com/boxscores/201811170IND.html,
2018-11-19,2019.0,16.0,20.061,1.0,13.0,-8.0,36.967,1.0,8.0,22.0,0.364,1.0,5.0,0.2,8.0,9.0,0.889,0.0,3.0,3.0,17.0,0.0,0.0,6.0,1.0,25.0,18.8,-7.0,https://www.basketball-reference.com/boxscores/201811190ATL.html,
2018-11-21,2019.0,17.0,20.063,1.0,28.0,-16.0,22.283,1.0,2.0,7.0,0.286,0.0,1.0,0.0,2.0,2.0,1.0,0.0,1.0,1.0,5.0,1.0,0.0,1.0,0.0,6.0,5.7,-16.0,https://www.basketball-reference.com/boxscores/201811210ATL.html,
2018-11-23,2019.0,18.0,20.065,1.0,2.0,-18.0,19.433,1.0,2.0,7.0,0.286,0.0,5.0,0.0,1.0,1.0,1.0,0.0,0.0,0.0,2.0,0.0,1.0,3.0,0.0,5.0,0.0,-35.0,https://www.basketball-reference.com/boxscores/201811230ATL.html,
2018-11-25,2019.0,19.0,20.067,1.0,4.0,1.0,29.8,1.0,6.0,18.0,0.333,4.0,10.0,0.4,2.0,2.0,1.0,0.0,2.0,2.0,5.0,2.0,1.0,5.0,0.0,18.0,9.6,3.0,https://www.basketball-reference.com/boxscores/201811250ATL.html,
2018-11-27,2019.0,20.0,20.069,1.0,16.0,2.0,31.333,0.0,5.0,12.0,0.417,2.0,5.0,0.4,5.0,6.0,0.833,0.0,5.0,5.0,10.0,1.0,1.0,3.0,0.0,17.0,17.4,1.0,https://www.basketball-reference.com/boxscores/201811270MIA.html,
2018-11-28,2019.0,21.0,20.07,1.0,4.0,-14.0,28.45,0.0,7.0,19.0,0.368,3.0,9.0,0.333,1.0,1.0,1.0,1.0,2.0,3.0,4.0,2.0,1.0,5.0,1.0,18.0,8.9,-6.0,https://www.basketball-reference.com/boxscores/201811280CHO.html,
2018-11-30,2019.0,22.0,20.072,1.0,21.0,-15.0,28.483,0.0,4.0,15.0,0.267,0.0,3.0,0.0,1.0,3.0,0.333,1.0,3.0,4.0,8.0,0.0,0.0,2.0,1.0,9.0,4.1,-17.0,https://www.basketball-reference.com/boxscores/201811300OKC.html,
2018-12-03,2019.0,23.0,20.075,1.0,10.0,-17.0,25.367,1.0,8.0,20.0,0.4,0.0,5.0,0.0,4.0,6.0,0.667,0.0,0.0,0.0,3.0,0.0,0.0,7.0,1.0,20.0,3.1,-3.0,https://www.basketball-reference.com/boxscores/201812030ATL.html,
2018-12-05,2019.0,24.0,20.077,1.0,30.0,-14.0,33.117,1.0,4.0,13.0,0.308,1.0,4.0,0.25,5.0,9.0,0.556,1.0,1.0,2.0,5.0,2.0,0.0,6.0,2.0,14.0,4.6,-16.0,https://www.basketball-reference.com/boxscores/201812050ATL.html,
2018-12-08,2019.0,25.0,20.08,1.0,8.0,8.0,32.167,1.0,3.0,12.0,0.25,1.0,2.0,0.5,2.0,3.0,0.667,1.0,1.0,2.0,4.0,0.0,1.0,4.0,3.0,9.0,0.7,3.0,https://www.basketball-reference.com/boxscores/201812080ATL.html,
2018-12-12,2019.0,26.0,20.084,1.0,7.0,-7.0,35.217,0.0,11.0,19.0,0.579,2.0,6.0,0.333,0.0,0.0,0.0,0.0,0.0,0.0,10.0,2.0,0.0,2.0,3.0,24.0,20.9,1.0,https://www.basketball-reference.com/boxscores/201812120DAL.html,
2018-12-14,2019.0,27.0,20.086,1.0,2.0,-21.0,22.617,0.0,2.0,11.0,0.182,0.0,6.0,0.0,5.0,6.0,0.833,3.0,0.0,3.0,3.0,0.0,1.0,3.0,2.0,9.0,2.8,-26.0,https://www.basketball-reference.com/boxscores/201812140BOS.html,
2018-12-16,2019.0,28.0,20.088,1.0,3.0,-17.0,29.067,0.0,4.0,10.0,0.4,1.0,2.0,0.5,4.0,4.0,1.0,1.0,1.0,2.0,10.0,1.0,0.0,3.0,2.0,13.0,12.8,-7.0,https://www.basketball-reference.com/boxscores/201812160BRK.html,
2018-12-18,2019.0,29.0,20.09,1.0,30.0,8.0,26.433,1.0,5.0,11.0,0.455,3.0,6.0,0.5,6.0,8.0,0.75,0.0,3.0,3.0,4.0,1.0,0.0,5.0,2.0,19.0,11.4,2.0,https://www.basketball-reference.com/boxscores/201812180ATL.html,
2018-12-21,2019.0,30.0,20.093,1.0,20.0,7.0,28.15,0.0,5.0,9.0,0.556,0.0,0.0,0.0,5.0,7.0,0.714,1.0,2.0,3.0,10.0,1.0,0.0,2.0,1.0,15.0,16.8,14.0,https://www.basketball-reference.com/boxscores/201812210NYK.html,
2018-12-23,2019.0,31.0,20.095,1.0,9.0,3.0,30.967,0.0,4.0,14.0,0.286,0.0,3.0,0.0,4.0,6.0,0.667,3.0,4.0,7.0,6.0,2.0,0.0,6.0,1.0,12.0,6.1,3.0,https://www.basketball-reference.com/boxscores/201812230DET.html,
2018-12-26,2019.0,32.0,20.098,1.0,12.0,-8.0,27.85,1.0,5.0,11.0,0.455,2.0,2.0,1.0,5.0,6.0,0.833,0.0,2.0,2.0,9.0,0.0,0.0,3.0,3.0,17.0,13.6,5.0,https://www.basketball-reference.com/boxscores/201812260ATL.html,
2018-12-28,2019.0,33.0,20.1,1.0,18.0,3.0,30.25,0.0,7.0,11.0,0.636,1.0,1.0,1.0,1.0,1.0,1.0,1.0,3.0,4.0,11.0,1.0,0.0,5.0,2.0,16.0,15.6,1.0,https://www.basketball-reference.com/boxscores/201812280MIN.html,
2018-12-29,2019.0,34.0,20.101,1.0,6.0,3.0,33.7,1.0,8.0,16.0,0.5,2.0,6.0,0.333,3.0,4.0,0.75,0.0,3.0,3.0,9.0,1.0,0.0,3.0,2.0,21.0,17.0,0.0,https://www.basketball-reference.com/boxscores/201812290ATL.html,
2018-12-31,2019.0,35.0,20.103,1.0,12.0,-8.0,29.933,0.0,6.0,10.0,0.6,4.0,6.0,0.667,0.0,0.0,0.0,2.0,2.0,4.0,7.0,3.0,0.0,8.0,3.0,16.0,12.1,4.0,https://www.basketball-reference.com/boxscores/201812310IND.html,
2019-01-02,2019.0,36.0,20.105,1.0,30.0,-16.0,27.633,0.0,2.0,8.0,0.25,1.0,2.0,0.5,0.0,0.0,0.0,0.0,3.0,3.0,9.0,0.0,1.0,4.0,2.0,5.0,3.3,-19.0,https://www.basketball-reference.com/boxscores/201901020WAS.html,
2019-01-04,2019.0,37.0,20.107,1.0,17.0,-32.0,31.517,0.0,3.0,9.0,0.333,2.0,4.0,0.5,5.0,5.0,1.0,0.0,2.0,2.0,10.0,3.0,0.0,2.0,2.0,13.0,15.7,-18.0,https://www.basketball-reference.com/boxscores/201901040MIL.html,
2019-01-06,2019.0,38.0,20.109,1.0,16.0,24.0,30.367,1.0,6.0,14.0,0.429,3.0,3.0,1.0,4.0,6.0,0.667,0.0,2.0,2.0,2.0,1.0,0.0,4.0,1.0,19.0,9.4,21.0,https://www.basketball-reference.com/boxscores/201901060ATL.html,
2019-01-08,2019.0,39.0,20.111,1.0,28.0,-3.0,30.15,0.0,8.0,20.0,0.4,1.0,5.0,0.2,2.0,3.0,0.667,2.0,3.0,5.0,4.0,2.0,0.0,3.0,1.0,19.0,11.5,1.0,https://www.basketball-reference.com/boxscores/201901080TOR.html,
2019-01-09,2019.0,40.0,20.112,1.0,3.0,-16.0,28.983,0.0,6.0,15.0,0.4,2.0,9.0,0.222,3.0,3.0,1.0,0.0,2.0,2.0,7.0,2.0,0.0,6.0,2.0,17.0,9.6,-15.0,https://www.basketball-reference.com/boxscores/201901090BRK.html,
2019-01-11,2019.0,41.0,20.114,1.0,23.0,2.0,32.367,0.0,5.0,12.0,0.417,3.0,8.0,0.375,5.0,5.0,1.0,1.0,3.0,4.0,5.0,2.0,0.0,4.0,0.0,18.0,14.7,-1.0,https://www.basketball-reference.com/boxscores/201901110PHI.html,
2019-01-13,2019.0,42.0,20.116,1.0,17.0,-19.0,33.6,1.0,7.0,16.0,0.438,1.0,5.0,0.2,11.0,13.0,0.846,3.0,7.0,10.0,4.0,0.0,0.0,4.0,2.0,26.0,19.0,-7.0,https://www.basketball-reference.com/boxscores/201901130ATL.html,
2019-01-15,2019.0,43.0,20.118,1.0,21.0,16.0,32.633,1.0,8.0,17.0,0.471,4.0,9.0,0.444,4.0,5.0,0.8,0.0,6.0,6.0,11.0,0.0,0.0,7.0,2.0,24.0,16.6,16.0,https://www.basketball-reference.com/boxscores/201901150ATL.html,
2019-01-19,2019.0,44.0,20.122,1.0,2.0,-8.0,33.95,1.0,6.0,17.0,0.353,2.0,9.0,0.222,2.0,2.0,1.0,0.0,1.0,1.0,7.0,1.0,0.0,6.0,3.0,16.0,5.5,-12.0,https://www.basketball-reference.com/boxscores/201901190ATL.html,
2019-01-21,2019.0,45.0,20.124,1.0,22.0,-19.0,29.233,1.0,8.0,13.0,0.615,0.0,3.0,0.0,5.0,6.0,0.833,0.0,3.0,3.0,6.0,0.0,0.0,4.0,2.0,21.0,15.0,-17.0,https://www.basketball-reference.com/boxscores/201901210ATL.html,
2019-01-23,2019.0,46.0,20.126,1.0,5.0,20.0,32.75,0.0,1.0,12.0,0.083,1.0,7.0,0.143,2.0,2.0,1.0,1.0,6.0,7.0,12.0,1.0,0.0,3.0,1.0,5.0,5.5,24.0,https://www.basketball-reference.com/boxscores/201901230CHI.html,
2019-01-26,2019.0,47.0,20.129,1.0,25.0,-9.0,31.967,0.0,11.0,15.0,0.733,3.0,6.0,0.5,5.0,6.0,0.833,0.0,2.0,2.0,8.0,1.0,1.0,4.0,4.0,30.0,25.8,-5.0,https://www.basketball-reference.com/boxscores/201901260POR.html,
2019-01-28,2019.0,48.0,20.131,1.0,13.0,5.0,31.183,0.0,10.0,18.0,0.556,2.0,7.0,0.286,4.0,4.0,1.0,1.0,3.0,4.0,8.0,0.0,0.0,1.0,1.0,26.0,23.2,8.0,https://www.basketball-reference.com/boxscores/201901280LAC.html,
2019-01-30,2019.0,49.0,20.133,1.0,26.0,-22.0,28.833,0.0,7.0,12.0,0.583,4.0,9.0,0.444,5.0,6.0,0.833,1.0,0.0,1.0,8.0,1.0,0.0,5.0,2.0,23.0,18.5,-5.0,https://www.basketball-reference.com/boxscores/201901300SAC.html,
2019-02-01,2019.0,50.0,20.135,1.0,29.0,-16.0,37.183,0.0,9.0,20.0,0.45,5.0,10.0,0.5,5.0,7.0,0.714,1.0,2.0,3.0,9.0,1.0,0.0,2.0,4.0,28.0,21.8,-12.0,https://www.basketball-reference.com/boxscores/201902010UTA.html,
2019-02-02,2019.0,51.0,20.136,1.0,24.0,6.0,34.333,0.0,9.0,21.0,0.429,4.0,10.0,0.4,5.0,7.0,0.714,1.0,6.0,7.0,8.0,0.0,0.0,4.0,0.0,27.0,19.2,-3.0,https://www.basketball-reference.com/boxscores/201902020PHO.html,
2019-02-04,2019.0,52.0,20.138,1.0,30.0,8.0,26.883,0.0,2.0,13.0,0.154,1.0,6.0,0.167,5.0,6.0,0.833,0.0,4.0,4.0,10.0,0.0,0.0,1.0,1.0,10.0,8.1,3.0,https://www.basketball-reference.com/boxscores/201902040WAS.html,
2019-02-07,2019.0,53.0,20.141,1.0,28.0,-18.0,28.667,1.0,7.0,14.0,0.5,1.0,2.0,0.5,4.0,7.0,0.571,1.0,4.0,5.0,5.0,1.0,0.0,4.0,2.0,19.0,12.4,-23.0,https://www.basketball-reference.com/boxscores/201902070ATL.html,
2019-02-09,2019.0,54.0,20.143,1.0,4.0,-9.0,28.2,1.0,8.0,15.0,0.533,4.0,6.0,0.667,0.0,0.0,0.0,0.0,1.0,1.0,11.0,2.0,0.0,4.0,1.0,20.0,18.3,-10.0,https://www.basketball-reference.com/boxscores/201902090ATL.html,
2019-02-10,2019.0,55.0,20.144,1.0,22.0,-16.0,26.083,1.0,3.0,9.0,0.333,2.0,4.0,0.5,5.0,5.0,1.0,1.0,4.0,5.0,7.0,0.0,0.0,3.0,2.0,13.0,10.9,-25.0,https://www.basketball-reference.com/boxscores/201902100ATL.html,
2019-02-12,2019.0,56.0,20.146,1.0,14.0,4.0,38.033,1.0,6.0,19.0,0.316,3.0,9.0,0.333,7.0,9.0,0.778,0.0,6.0,6.0,14.0,1.0,1.0,6.0,2.0,22.0,16.8,11.0,https://www.basketball-reference.com/boxscores/201902120ATL.html,
2019-02-14,2019.0,57.0,20.148,1.0,20.0,-15.0,31.1,1.0,6.0,19.0,0.316,1.0,6.0,0.167,3.0,4.0,0.75,2.0,4.0,6.0,11.0,2.0,0.0,3.0,2.0,16.0,13.2,-11.0,https://www.basketball-reference.com/boxscores/201902140ATL.html,
2019-02-22,2019.0,58.0,20.156,1.0,9.0,-3.0,36.683,1.0,11.0,23.0,0.478,5.0,11.0,0.455,3.0,3.0,1.0,0.0,3.0,3.0,10.0,0.0,0.0,4.0,2.0,30.0,21.4,-1.0,https://www.basketball-reference.com/boxscores/201902220ATL.html,
2019-02-23,2019.0,59.0,20.157,1.0,24.0,8.0,33.617,1.0,5.0,14.0,0.357,2.0,6.0,0.333,11.0,12.0,0.917,0.0,2.0,2.0,8.0,1.0,0.0,2.0,2.0,23.0,19.2,13.0,https://www.basketball-reference.com/boxscores/201902230ATL.html,
2019-02-25,2019.0,60.0,20.159,1.0,11.0,-8.0,40.683,0.0,12.0,23.0,0.522,8.0,12.0,0.667,4.0,4.0,1.0,0.0,1.0,1.0,8.0,0.0,0.0,4.0,2.0,36.0,25.8,-1.0,https://www.basketball-reference.com/boxscores/201902250HOU.html,
2019-02-27,2019.0,61.0,20.161,1.0,18.0,8.0,43.283,1.0,9.0,22.0,0.409,2.0,5.0,0.4,16.0,17.0,0.941,1.0,7.0,8.0,10.0,0.0,0.0,3.0,2.0,36.0,29.8,21.0,https://www.basketball-reference.com/boxscores/201902270ATL.html,
2019-03-01,2019.0,62.0,20.163,1.0,5.0,-7.0,55.833,1.0,17.0,33.0,0.515,6.0,13.0,0.462,9.0,11.0,0.818,1.0,7.0,8.0,16.0,1.0,1.0,9.0,2.0,49.0,37.8,-9.0,https://www.basketball-reference.com/boxscores/201903010ATL.html,
2019-03-03,2019.0,63.0,20.165,1.0,5.0,5.0,18.05,0.0,6.0,9.0,0.667,3.0,4.0,0.75,3.0,3.0,1.0,0.0,2.0,2.0,5.0,0.0,0.0,2.0,0.0,18.0,16.2,11.0,https://www.basketball-reference.com/boxscores/201903030CHI.html,
2019-03-04,2019.0,64.0,20.166,1.0,16.0,-1.0,29.583,0.0,4.0,11.0,0.364,0.0,4.0,0.0,6.0,7.0,0.857,2.0,1.0,3.0,8.0,1.0,0.0,8.0,1.0,14.0,7.4,2.0,https://www.basketball-reference.com/boxscores/201903040MIA.html,
2019-03-06,2019.0,65.0,20.168,1.0,27.0,-7.0,32.283,1.0,8.0,24.0,0.333,1.0,7.0,0.143,5.0,6.0,0.833,2.0,4.0,6.0,4.0,1.0,0.0,2.0,2.0,22.0,11.6,-16.0,https://www.basketball-reference.com/boxscores/201903060ATL.html,
2019-03-09,2019.0,66.0,20.171,1.0,3.0,-2.0,28.65,1.0,4.0,14.0,0.286,2.0,4.0,0.5,13.0,16.0,0.813,3.0,7.0,10.0,11.0,1.0,0.0,2.0,3.0,23.0,23.3,13.0,https://www.basketball-reference.com/boxscores/201903090ATL.html,
2019-03-10,2019.0,67.0,20.172,1.0,19.0,12.0,31.1,1.0,2.0,14.0,0.143,0.0,4.0,0.0,6.0,6.0,1.0,2.0,3.0,5.0,10.0,0.0,0.0,2.0,2.0,10.0,7.5,-7.0,https://www.basketball-reference.com/boxscores/201903100ATL.html,
2019-03-13,2019.0,68.0,20.175,1.0,15.0,21.0,24.817,1.0,8.0,12.0,0.667,3.0,5.0,0.6,3.0,3.0,1.0,0.0,3.0,3.0,8.0,1.0,0.0,0.0,1.0,22.0,23.9,25.0,https://www.basketball-reference.com/boxscores/201903130ATL.html,
2019-03-16,2019.0,69.0,20.178,1.0,2.0,-9.0,31.267,0.0,10.0,17.0,0.588,5.0,8.0,0.625,1.0,2.0,0.5,1.0,3.0,4.0,4.0,2.0,0.0,6.0,2.0,26.0,17.3,-16.0,https://www.basketball-reference.com/boxscores/201903160BOS.html,
2019-03-17,2019.0,70.0,20.179,1.0,22.0,-10.0,32.05,0.0,9.0,18.0,0.5,0.0,5.0,0.0,2.0,3.0,0.667,0.0,6.0,6.0,5.0,1.0,0.0,2.0,3.0,20.0,13.7,-18.0,https://www.basketball-reference.com/boxscores/201903170ORL.html,
2019-03-19,2019.0,71.0,20.181,1.0,11.0,-16.0,33.55,1.0,6.0,13.0,0.462,2.0,5.0,0.4,7.0,7.0,1.0,2.0,2.0,4.0,12.0,1.0,0.0,7.0,2.0,21.0,17.9,-12.0,https://www.basketball-reference.com/boxscores/201903190ATL.html,
2019-03-21,2019.0,72.0,20.183,1.0,29.0,3.0,34.25,1.0,8.0,22.0,0.364,1.0,6.0,0.167,6.0,9.0,0.667,0.0,2.0,2.0,11.0,0.0,0.0,5.0,0.0,23.0,12.9,5.0,https://www.basketball-reference.com/boxscores/201903210ATL.html,
2019-03-23,2019.0,73.0,20.185,1.0,23.0,2.0,32.733,1.0,11.0,20.0,0.55,4.0,9.0,0.444,6.0,7.0,0.857,2.0,4.0,6.0,11.0,0.0,1.0,6.0,4.0,32.0,25.4,22.0,https://www.basketball-reference.com/boxscores/201903230ATL.html,
2019-03-26,2019.0,74.0,20.188,1.0,19.0,10.0,31.167,0.0,12.0,24.0,0.5,5.0,13.0,0.385,4.0,5.0,0.8,0.0,1.0,1.0,12.0,1.0,0.0,1.0,1.0,33.0,28.9,10.0,https://www.basketball-reference.com/boxscores/201903260NOP.html,
2019-03-29,2019.0,75.0,20.191,1.0,25.0,-20.0,31.65,1.0,10.0,25.0,0.4,1.0,8.0,0.125,5.0,5.0,1.0,2.0,7.0,9.0,7.0,1.0,0.0,3.0,1.0,26.0,18.5,-5.0,https://www.basketball-reference.com/boxscores/201903290ATL.html,
2019-03-31,2019.0,76.0,20.193,1.0,17.0,1.0,35.45,1.0,5.0,19.0,0.263,2.0,9.0,0.222,0.0,0.0,0.0,1.0,4.0,5.0,16.0,2.0,0.0,1.0,2.0,12.0,14.0,-5.0,https://www.basketball-reference.com/boxscores/201903310ATL.html,
2019-04-02,2019.0,77.0,20.195,1.0,27.0,-6.0,29.933,0.0,5.0,15.0,0.333,0.0,6.0,0.0,5.0,5.0,1.0,0.0,1.0,1.0,6.0,1.0,0.0,0.0,3.0,15.0,10.8,-11.0,https://www.basketball-reference.com/boxscores/201904020SAS.html,
2019-04-03,2019.0,78.0,20.196,1.0,23.0,8.0,32.817,1.0,12.0,18.0,0.667,2.0,6.0,0.333,7.0,7.0,1.0,2.0,5.0,7.0,12.0,1.0,0.0,2.0,4.0,33.0,33.9,6.0,https://www.basketball-reference.com/boxscores/201904030ATL.html,
2019-04-05,2019.0,79.0,20.198,1.0,22.0,-36.0,27.333,0.0,8.0,17.0,0.471,1.0,4.0,0.25,5.0,7.0,0.714,2.0,5.0,7.0,6.0,3.0,0.0,2.0,2.0,22.0,19.8,-36.0,https://www.basketball-reference.com/boxscores/201904050ORL.html,
2019-04-07,2019.0,80.0,20.2,1.0,17.0,-8.0,0.0,0.0,0.0,0.0,0.0,0.0,0.0,0.0,0.0,0.0,0.0,0.0,0.0,0.0,0.0,0.0,0.0,0.0,0.0,0.0,0.0,0.0,https://www.basketball-reference.com/boxscores/201904070MIL.html,
2019-04-10,2019.0,81.0,20.203,1.0,12.0,-1.0,33.7,1.0,6.0,18.0,0.333,1.0,7.0,0.143,10.0,11.0,0.909,2.0,3.0,5.0,11.0,2.0,0.0,6.0,0.0,23.0,18.4,18.0,https://www.basketball-reference.com/boxscores/201904100ATL.html,
2019-10-24,2020.0,0.0,21.035,1.0,9.0,17.0,37.25,0.0,11.0,21.0,0.524,6.0,10.0,0.6,10.0,12.0,0.833,0.0,7.0,7.0,9.0,1.0,0.0,6.0,0.0,38.0,30.3,17.0,https://www.basketball-reference.com/boxscores/201910240DET.html,
2019-10-26,2020.0,1.0,21.037,1.0,22.0,4.0,35.983,1.0,16.0,25.0,0.64,5.0,10.0,0.5,2.0,4.0,0.5,0.0,7.0,7.0,9.0,2.0,0.0,5.0,2.0,39.0,31.7,14.0,https://www.basketball-reference.com/boxscores/201910260ATL.html,
2019-10-28,2020.0,2.0,21.039,1.0,23.0,-2.0,34.483,1.0,7.0,20.0,0.35,2.0,5.0,0.4,9.0,10.0,0.9,1.0,3.0,4.0,9.0,0.0,0.0,7.0,3.0,25.0,13.1,1.0,https://www.basketball-reference.com/boxscores/201910280ATL.html,
2019-10-29,2020.0,3.0,21.04,1.0,16.0,-15.0,11.067,0.0,2.0,5.0,0.4,1.0,3.0,0.333,0.0,0.0,0.0,1.0,1.0,2.0,2.0,1.0,0.0,2.0,0.0,5.0,3.7,-4.0,https://www.basketball-reference.com/boxscores/201910290MIA.html,
2019-10-31,2020.0,4.0,21.042,1.0,16.0,-9.0,0.0,1.0,0.0,0.0,0.0,0.0,0.0,0.0,0.0,0.0,0.0,0.0,0.0,0.0,0.0,0.0,0.0,0.0,0.0,0.0,0.0,0.0,https://www.basketball-reference.com/boxscores/201910310ATL.html,
2019-11-05,2020.0,5.0,21.047,1.0,27.0,8.0,29.733,1.0,10.0,23.0,0.435,5.0,10.0,0.5,4.0,6.0,0.667,0.0,2.0,2.0,13.0,2.0,0.0,3.0,1.0,29.0,24.4,2.0,https://www.basketball-reference.com/boxscores/201911050ATL.html,
2019-11-06,2020.0,6.0,21.048,1.0,5.0,-20.0,29.2,1.0,3.0,12.0,0.25,0.0,8.0,0.0,3.0,3.0,1.0,0.0,3.0,3.0,3.0,0.0,0.0,4.0,1.0,9.0,0.4,-16.0,https://www.basketball-reference.com/boxscores/201911060ATL.html,
2019-11-08,2020.0,7.0,21.05,1.0,26.0,-12.0,39.6,1.0,12.0,22.0,0.545,3.0,10.0,0.3,3.0,3.0,1.0,2.0,0.0,2.0,12.0,5.0,0.0,5.0,0.0,30.0,29.2,-6.0,https://www.basketball-reference.com/boxscores/201911080ATL.html,
2019-11-10,2020.0,8.0,21.052,1.0,25.0,-11.0,42.967,0.0,9.0,30.0,0.3,3.0,13.0,0.231,14.0,17.0,0.824,2.0,6.0,8.0,10.0,3.0,0.0,7.0,2.0,35.0,21.8,-17.0,https://www.basketball-reference.com/boxscores/201911100POR.html,
2019-11-12,2020.0,9.0,21.054,1.0,8.0,4.0,41.333,0.0,13.0,21.0,0.619,8.0,13.0,0.615,8.0,11.0,0.727,0.0,4.0,4.0,11.0,0.0,1.0,6.0,1.0,42.0,34.5,7.0,https://www.basketball-reference.com/boxscores/201911120DEN.html,
2019-11-14,2020.0,10.0,21.056,1.0,24.0,-16.0,35.783,0.0,7.0,18.0,0.389,1.0,6.0,0.167,6.0,7.0,0.857,0.0,1.0,1.0,13.0,2.0,0.0,5.0,2.0,21.0,16.4,-17.0,https://www.basketball-reference.com/boxscores/201911140PHO.html,
2019-11-16,2020.0,11.0,21.058,1.0,13.0,-49.0,28.833,0.0,4.0,16.0,0.25,2.0,7.0,0.286,10.0,12.0,0.833,0.0,5.0,5.0,6.0,1.0,0.0,3.0,2.0,20.0,12.5,-30.0,https://www.basketball-reference.com/boxscores/201911160LAC.html,
2019-11-17,2020.0,12.0,21.059,1.0,14.0,-21.0,39.05,0.0,11.0,22.0,0.5,2.0,8.0,0.25,7.0,8.0,0.875,0.0,3.0,3.0,7.0,2.0,0.0,8.0,1.0,31.0,19.0,-16.0,https://www.basketball-reference.com/boxscores/201911170LAL.html,
2019-11-20,2020.0,13.0,21.062,1.0,17.0,-8.0,33.033,1.0,8.0,22.0,0.364,1.0,5.0,0.2,8.0,10.0,0.8,1.0,1.0,2.0,8.0,3.0,0.0,2.0,0.0,25.0,19.6,-21.0,https://www.basketball-reference.com/boxscores/201911200ATL.html,
2019-11-22,2020.0,14.0,21.064,1.0,9.0,-25.0,31.667,0.0,3.0,12.0,0.25,1.0,7.0,0.143,2.0,2.0,1.0,0.0,6.0,6.0,8.0,1.0,0.0,5.0,0.0,9.0,5.2,-14.0,https://www.basketball-reference.com/boxscores/201911220DET.html,
2019-11-23,2020.0,15.0,21.065,1.0,28.0,-3.0,41.383,1.0,11.0,23.0,0.478,4.0,11.0,0.364,4.0,4.0,1.0,0.0,10.0,10.0,10.0,1.0,0.0,3.0,1.0,30.0,25.9,-4.0,https://www.basketball-reference.com/boxscores/201911230ATL.html,
2019-11-25,2020.0,16.0,21.067,1.0,18.0,-12.0,34.567,1.0,11.0,28.0,0.393,5.0,11.0,0.455,10.0,11.0,0.909,2.0,4.0,6.0,9.0,0.0,0.0,7.0,2.0,37.0,22.5,-7.0,https://www.basketball-reference.com/boxscores/201911250ATL.html,
2019-11-27,2020.0,17.0,21.069,1.0,17.0,-9.0,35.1,0.0,12.0,24.0,0.5,3.0,7.0,0.429,2.0,2.0,1.0,0.0,4.0,4.0,7.0,1.0,0.0,3.0,3.0,29.0,19.9,3.0,https://www.basketball-reference.com/boxscores/201911270MIL.html,
2019-11-29,2020.0,18.0,21.071,1.0,12.0,-1.0,42.65,0.0,16.0,28.0,0.571,8.0,15.0,0.533,9.0,9.0,1.0,0.0,1.0,1.0,6.0,2.0,0.0,9.0,1.0,49.0,32.9,1.0,https://www.basketball-reference.com/boxscores/201911290IND.html,
2019-11-30,2020.0,19.0,21.072,1.0,11.0,-47.0,31.383,0.0,10.0,16.0,0.625,5.0,9.0,0.556,12.0,13.0,0.923,0.0,3.0,3.0,7.0,0.0,0.0,3.0,0.0,37.0,32.2,-24.0,https://www.basketball-reference.com/boxscores/201911300HOU.html,
2019-12-02,2020.0,20.0,21.074,1.0,10.0,25.0,33.85,1.0,10.0,19.0,0.526,2.0,6.0,0.333,2.0,2.0,1.0,0.0,1.0,1.0,7.0,0.0,0.0,7.0,2.0,24.0,12.1,8.0,https://www.basketball-reference.com/boxscores/201912020ATL.html,
2019-12-04,2020.0,21.0,21.076,1.0,3.0,-12.0,37.25,1.0,13.0,23.0,0.565,5.0,9.0,0.556,8.0,10.0,0.8,1.0,2.0,3.0,10.0,1.0,0.0,6.0,1.0,39.0,30.2,1.0,https://www.basketball-reference.com/boxscores/201912040ATL.html,
2019-12-08,2020.0,22.0,21.08,1.0,4.0,15.0,35.0,0.0,9.0,20.0,0.45,4.0,13.0,0.308,8.0,8.0,1.0,1.0,6.0,7.0,9.0,0.0,0.0,2.0,4.0,30.0,24.8,18.0,https://www.basketball-reference.com/boxscores/201912080CHO.html,
2019-12-10,2020.0,23.0,21.082,1.0,16.0,-14.0,41.133,0.0,7.0,19.0,0.368,3.0,11.0,0.273,4.0,5.0,0.8,0.0,4.0,4.0,9.0,0.0,0.0,4.0,4.0,21.0,12.0,-24.0,https://www.basketball-reference.com/boxscores/201912100MIA.html,
2019-12-11,2020.0,24.0,21.083,1.0,5.0,-34.0,31.733,0.0,4.0,14.0,0.286,1.0,6.0,0.167,6.0,7.0,0.857,0.0,2.0,2.0,13.0,2.0,0.0,7.0,3.0,15.0,9.9,-17.0,https://www.basketball-reference.com/boxscores/201912110CHI.html,
2019-12-13,2020.0,25.0,21.085,1.0,12.0,-10.0,37.367,1.0,9.0,30.0,0.3,3.0,10.0,0.3,2.0,2.0,1.0,2.0,5.0,7.0,8.0,0.0,1.0,2.0,2.0,23.0,12.0,-2.0,https://www.basketball-reference.com/boxscores/201912130ATL.html,
2019-12-15,2020.0,26.0,21.087,1.0,14.0,-5.0,36.45,1.0,9.0,22.0,0.409,3.0,11.0,0.273,9.0,11.0,0.818,1.0,5.0,6.0,7.0,2.0,0.0,6.0,2.0,30.0,19.7,-4.0,https://www.basketball-reference.com/boxscores/201912150ATL.html,
2019-12-17,2020.0,27.0,21.089,1.0,20.0,-23.0,41.333,0.0,16.0,29.0,0.552,7.0,13.0,0.538,3.0,4.0,0.75,0.0,4.0,4.0,8.0,0.0,0.0,3.0,1.0,42.0,31.1,-18.0,https://www.basketball-reference.com/boxscores/201912170NYK.html,
2019-12-19,2020.0,28.0,21.091,1.0,29.0,-5.0,40.933,1.0,9.0,28.0,0.321,3.0,11.0,0.273,9.0,11.0,0.818,1.0,4.0,5.0,8.0,1.0,0.0,2.0,2.0,30.0,18.9,-6.0,https://www.basketball-reference.com/boxscores/201912190ATL.html,
2019-12-21,2020.0,29.0,21.093,1.0,3.0,-10.0,40.35,0.0,14.0,30.0,0.467,3.0,12.0,0.25,16.0,19.0,0.842,1.0,7.0,8.0,6.0,1.0,0.0,5.0,1.0,47.0,33.0,5.0,https://www.basketball-reference.com/boxscores/201912210BRK.html,
2019-12-23,2020.0,30.0,21.095,1.0,6.0,-3.0,36.133,0.0,9.0,21.0,0.429,5.0,14.0,0.357,7.0,9.0,0.778,0.0,6.0,6.0,11.0,4.0,0.0,5.0,2.0,30.0,25.8,-3.0,https://www.basketball-reference.com/boxscores/201912230CLE.html,
2019-12-27,2020.0,31.0,21.099,1.0,17.0,-26.0,15.2,1.0,3.0,6.0,0.5,2.0,4.0,0.5,4.0,6.0,0.667,0.0,0.0,0.0,2.0,0.0,0.0,4.0,1.0,12.0,5.2,-25.0,https://www.basketball-reference.com/boxscores/201912270ATL.html,
2019-12-28,2020.0,32.0,21.1,1.0,5.0,-35.0,0.0,0.0,0.0,0.0,0.0,0.0,0.0,0.0,0.0,0.0,0.0,0.0,0.0,0.0,0.0,0.0,0.0,0.0,0.0,0.0,0.0,0.0,https://www.basketball-reference.com/boxscores/201912280CHI.html,
2019-12-30,2020.0,33.0,21.102,1.0,22.0,8.0,0.0,0.0,0.0,0.0,0.0,0.0,0.0,0.0,0.0,0.0,0.0,0.0,0.0,0.0,0.0,0.0,0.0,0.0,0.0,0.0,0.0,0.0,https://www.basketball-reference.com/boxscores/201912300ORL.html,
2020-01-03,2020.0,34.0,21.106,1.0,2.0,-3.0,36.717,0.0,9.0,23.0,0.391,5.0,14.0,0.357,5.0,6.0,0.833,0.0,5.0,5.0,10.0,0.0,0.0,6.0,3.0,28.0,16.4,4.0,https://www.basketball-reference.com/boxscores/202001030BOS.html,
2020-01-04,2020.0,35.0,21.107,1.0,12.0,5.0,37.0,1.0,12.0,23.0,0.522,5.0,13.0,0.385,12.0,14.0,0.857,0.0,4.0,4.0,8.0,2.0,0.0,4.0,3.0,41.0,32.5,6.0,https://www.basketball-reference.com/boxscores/202001040ATL.html,
2020-01-06,2020.0,36.0,21.109,1.0,8.0,-8.0,39.45,1.0,8.0,12.0,0.667,4.0,5.0,0.8,9.0,9.0,1.0,0.0,4.0,4.0,12.0,0.0,0.0,7.0,4.0,29.0,24.8,7.0,https://www.basketball-reference.com/boxscores/202001060ATL.html,
2020-01-08,2020.0,37.0,21.111,1.0,11.0,-7.0,38.583,1.0,11.0,30.0,0.367,4.0,11.0,0.364,16.0,18.0,0.889,4.0,9.0,13.0,10.0,0.0,1.0,3.0,1.0,42.0,34.4,4.0,https://www.basketball-reference.com/boxscores/202001080ATL.html,
2020-01-10,2020.0,38.0,21.113,1.0,30.0,-10.0,31.35,0.0,7.0,20.0,0.35,0.0,7.0,0.0,5.0,8.0,0.625,0.0,4.0,4.0,7.0,2.0,0.0,6.0,1.0,19.0,8.3,-19.0,https://www.basketball-reference.com/boxscores/202001100WAS.html,
2020-01-12,2020.0,39.0,21.115,1.0,3.0,-22.0,0.0,0.0,0.0,0.0,0.0,0.0,0.0,0.0,0.0,0.0,0.0,0.0,0.0,0.0,0.0,0.0,0.0,0.0,0.0,0.0,0.0,0.0,https://www.basketball-reference.com/boxscores/202001120BRK.html,
2020-01-14,2020.0,40.0,21.117,1.0,24.0,13.0,37.783,1.0,11.0,25.0,0.44,5.0,12.0,0.417,9.0,11.0,0.818,2.0,2.0,4.0,10.0,2.0,1.0,6.0,2.0,36.0,27.0,22.0,https://www.basketball-reference.com/boxscores/202001140ATL.html,
2020-01-17,2020.0,41.0,21.12,1.0,27.0,1.0,34.767,0.0,10.0,16.0,0.625,6.0,9.0,0.667,5.0,7.0,0.714,1.0,4.0,5.0,9.0,1.0,1.0,3.0,0.0,31.0,29.9,8.0,https://www.basketball-reference.com/boxscores/202001170SAS.html,
2020-01-18,2020.0,42.0,21.121,1.0,9.0,-33.0,27.4,1.0,6.0,16.0,0.375,2.0,7.0,0.286,2.0,4.0,0.5,1.0,7.0,8.0,7.0,1.0,0.0,4.0,1.0,16.0,10.7,-30.0,https://www.basketball-reference.com/boxscores/202001180ATL.html,
2020-01-20,2020.0,43.0,21.123,1.0,28.0,-5.0,39.017,1.0,11.0,20.0,0.55,2.0,7.0,0.286,18.0,21.0,0.857,1.0,5.0,6.0,15.0,1.0,0.0,7.0,3.0,42.0,36.7,1.0,https://www.basketball-reference.com/boxscores/202001200ATL.html,
2020-01-22,2020.0,44.0,21.125,1.0,13.0,7.0,0.0,1.0,0.0,0.0,0.0,0.0,0.0,0.0,0.0,0.0,0.0,0.0,0.0,0.0,0.0,0.0,0.0,0.0,0.0,0.0,0.0,0.0,https://www.basketball-reference.com/boxscores/202001220ATL.html,
2020-01-24,2020.0,45.0,21.127,1.0,21.0,-29.0,33.733,0.0,7.0,20.0,0.35,2.0,8.0,0.25,10.0,12.0,0.833,0.0,2.0,2.0,16.0,1.0,0.0,1.0,0.0,26.0,25.8,-14.0,https://www.basketball-reference.com/boxscores/202001240OKC.html,
2020-01-26,2020.0,46.0,21.129,1.0,30.0,19.0,38.983,1.0,13.0,24.0,0.542,6.0,11.0,0.545,13.0,16.0,0.813,1.0,5.0,6.0,14.0,1.0,0.0,5.0,2.0,45.0,39.4,22.0,https://www.basketball-reference.com/boxscores/202001260ATL.html,
2020-01-28,2020.0,47.0,21.131,1.0,28.0,-16.0,28.35,0.0,5.0,13.0,0.385,1.0,7.0,0.143,7.0,8.0,0.875,1.0,1.0,2.0,13.0,0.0,0.0,7.0,2.0,18.0,12.8,-9.0,https://www.basketball-reference.com/boxscores/202001280TOR.html,
2020-01-30,2020.0,48.0,21.133,1.0,23.0,10.0,38.117,1.0,9.0,22.0,0.409,3.0,9.0,0.333,18.0,20.0,0.9,1.0,5.0,6.0,18.0,2.0,0.0,7.0,2.0,39.0,35.4,17.0,https://www.basketball-reference.com/boxscores/202001300ATL.html,
2020-02-01,2020.0,49.0,21.135,1.0,7.0,-23.0,26.3,0.0,4.0,13.0,0.308,1.0,6.0,0.167,3.0,4.0,0.75,1.0,5.0,6.0,1.0,0.0,0.0,4.0,2.0,12.0,2.2,-13.0,https://www.basketball-reference.com/boxscores/202002010DAL.html,
2020-02-03,2020.0,50.0,21.137,1.0,2.0,-8.0,35.5,1.0,10.0,20.0,0.5,4.0,11.0,0.364,10.0,11.0,0.909,0.0,3.0,3.0,7.0,2.0,0.0,9.0,2.0,34.0,21.6,-13.0,https://www.basketball-reference.com/boxscores/202002030ATL.html,
2020-02-05,2020.0,51.0,21.139,1.0,18.0,7.0,37.183,0.0,10.0,23.0,0.435,6.0,13.0,0.462,12.0,13.0,0.923,0.0,4.0,4.0,11.0,1.0,0.0,3.0,3.0,38.0,31.2,6.0,https://www.basketball-reference.com/boxscores/202002050MIN.html,
2020-02-07,2020.0,52.0,21.141,1.0,2.0,-5.0,0.0,0.0,0.0,0.0,0.0,0.0,0.0,0.0,0.0,0.0,0.0,0.0,0.0,0.0,0.0,0.0,0.0,0.0,0.0,0.0,0.0,0.0,https://www.basketball-reference.com/boxscores/202002070BOS.html,
2020-02-09,2020.0,53.0,21.143,1.0,20.0,5.0,47.667,1.0,13.0,30.0,0.433,6.0,13.0,0.462,16.0,16.0,1.0,0.0,1.0,1.0,13.0,2.0,0.0,7.0,1.0,48.0,36.2,10.0,https://www.basketball-reference.com/boxscores/202002090ATL.html,
2020-02-10,2020.0,54.0,21.144,1.0,22.0,-9.0,33.6,0.0,7.0,19.0,0.368,3.0,11.0,0.273,12.0,13.0,0.923,0.0,1.0,1.0,9.0,0.0,0.0,4.0,0.0,29.0,20.7,-21.0,https://www.basketball-reference.com/boxscores/202002100ORL.html,
2020-02-12,2020.0,55.0,21.146,1.0,6.0,-22.0,37.133,0.0,8.0,17.0,0.471,2.0,7.0,0.286,9.0,11.0,0.818,0.0,3.0,3.0,12.0,2.0,0.0,4.0,4.0,27.0,23.2,-10.0,https://www.basketball-reference.com/boxscores/202002120CLE.html,
2020-02-20,2020.0,56.0,21.154,1.0,16.0,5.0,39.533,1.0,12.0,25.0,0.48,8.0,15.0,0.533,18.0,19.0,0.947,0.0,2.0,2.0,8.0,2.0,1.0,7.0,4.0,50.0,37.2,10.0,https://www.basketball-reference.com/boxscores/202002200ATL.html,
2020-02-22,2020.0,57.0,21.156,1.0,7.0,4.0,40.417,1.0,10.0,21.0,0.476,3.0,8.0,0.375,2.0,3.0,0.667,0.0,6.0,6.0,10.0,0.0,0.0,5.0,2.0,25.0,16.9,5.0,https://www.basketball-reference.com/boxscores/202002220ATL.html,
2020-02-24,2020.0,58.0,21.158,1.0,23.0,-17.0,36.567,0.0,10.0,22.0,0.455,2.0,11.0,0.182,6.0,6.0,1.0,0.0,7.0,7.0,10.0,0.0,0.0,3.0,3.0,28.0,21.5,-17.0,https://www.basketball-reference.com/boxscores/202002240PHI.html,
2020-02-26,2020.0,59.0,21.16,1.0,22.0,-10.0,38.217,1.0,10.0,27.0,0.37,4.0,12.0,0.333,13.0,14.0,0.929,0.0,2.0,2.0,11.0,1.0,1.0,2.0,0.0,37.0,29.7,0.0,https://www.basketball-reference.com/boxscores/202002260ATL.html,
2020-02-28,2020.0,60.0,21.162,1.0,3.0,23.0,30.833,1.0,6.0,18.0,0.333,1.0,6.0,0.167,9.0,10.0,0.9,0.0,2.0,2.0,14.0,1.0,0.0,3.0,2.0,22.0,19.0,14.0,https://www.basketball-reference.com/boxscores/202002280ATL.html,
2020-02-29,2020.0,61.0,21.163,1.0,25.0,12.0,34.65,1.0,7.0,18.0,0.389,1.0,8.0,0.125,10.0,10.0,1.0,1.0,3.0,4.0,15.0,0.0,0.0,2.0,2.0,25.0,24.5,8.0,https://www.basketball-reference.com/boxscores/202002290ATL.html,
2020-03-02,2020.0,62.0,21.165,1.0,15.0,-39.0,29.217,1.0,5.0,17.0,0.294,0.0,4.0,0.0,9.0,9.0,1.0,0.0,1.0,1.0,2.0,1.0,1.0,7.0,0.0,19.0,5.5,-19.0,https://www.basketball-reference.com/boxscores/202003020ATL.html,
2020-03-06,2020.0,63.0,21.169,1.0,30.0,-6.0,0.0,0.0,0.0,0.0,0.0,0.0,0.0,0.0,0.0,0.0,0.0,0.0,0.0,0.0,0.0,0.0,0.0,0.0,0.0,0.0,0.0,0.0,https://www.basketball-reference.com/boxscores/202003060WAS.html,
2020-03-07,2020.0,64.0,21.17,1.0,15.0,-17.0,28.917,0.0,4.0,16.0,0.25,1.0,10.0,0.1,7.0,9.0,0.778,0.0,5.0,5.0,4.0,2.0,0.0,5.0,2.0,16.0,6.1,-14.0,https://www.basketball-reference.com/boxscores/202003070MEM.html,
2020-03-09,2020.0,65.0,21.172,1.0,4.0,5.0,43.55,1.0,11.0,25.0,0.44,6.0,13.0,0.462,3.0,4.0,0.75,0.0,4.0,4.0,16.0,0.0,0.0,6.0,3.0,31.0,22.7,9.0,https://www.basketball-reference.com/boxscores/202003090ATL.html,
2020-03-11,2020.0,66.0,21.174,1.0,20.0,-5.0,37.75,1.0,12.0,25.0,0.48,6.0,12.0,0.5,12.0,15.0,0.8,2.0,0.0,2.0,11.0,0.0,0.0,6.0,3.0,42.0,30.0,-4.0,https://www.basketball-reference.com/boxscores/202003110ATL.html,
2020-12-23,2021.0,0.0,22.095,1.0,5.0,20.0,25.95,0.0,10.0,12.0,0.833,5.0,6.0,0.833,12.0,14.0,0.857,2.0,4.0,6.0,7.0,0.0,0.0,4.0,1.0,37.0,34.9,30.0,https://www.basketball-reference.com/boxscores/202012230CHI.html,
2020-12-26,2021.0,1.0,22.098,1.0,15.0,10.0,35.383,0.0,10.0,24.0,0.417,1.0,7.0,0.143,15.0,17.0,0.882,2.0,1.0,3.0,9.0,0.0,0.0,2.0,1.0,36.0,28.0,12.0,https://www.basketball-reference.com/boxscores/202012260MEM.html,
2020-12-28,2021.0,2.0,22.1,1.0,9.0,8.0,32.917,1.0,6.0,13.0,0.462,2.0,6.0,0.333,15.0,15.0,1.0,0.0,3.0,3.0,6.0,0.0,0.0,3.0,2.0,29.0,23.6,0.0,https://www.basketball-reference.com/boxscores/202012280ATL.html,
2020-12-30,2021.0,3.0,22.102,1.0,3.0,-4.0,31.933,0.0,8.0,18.0,0.444,0.0,4.0,0.0,14.0,16.0,0.875,3.0,3.0,6.0,11.0,0.0,0.0,5.0,0.0,30.0,25.5,5.0,https://www.basketball-reference.com/boxscores/202012300BRK.html,
2021-01-01,2021.0,4.0,22.104,1.0,3.0,18.0,32.45,0.0,7.0,21.0,0.333,3.0,8.0,0.375,4.0,4.0,1.0,2.0,3.0,5.0,7.0,1.0,1.0,3.0,2.0,21.0,14.2,11.0,https://www.basketball-reference.com/boxscores/202101010BRK.html,
2021-01-02,2021.0,5.0,22.105,1.0,6.0,-5.0,34.1,1.0,6.0,16.0,0.375,2.0,5.0,0.4,2.0,4.0,0.5,1.0,3.0,4.0,10.0,1.0,0.0,6.0,2.0,16.0,9.2,3.0,https://www.basketball-reference.com/boxscores/202101020ATL.html,
2021-01-04,2021.0,6.0,22.107,1.0,20.0,-5.0,39.617,1.0,9.0,22.0,0.409,1.0,6.0,0.167,12.0,15.0,0.8,1.0,1.0,2.0,14.0,1.0,0.0,8.0,3.0,31.0,20.6,7.0,https://www.basketball-reference.com/boxscores/202101040ATL.html,
2021-01-06,2021.0,7.0,22.109,1.0,4.0,-8.0,35.067,1.0,2.0,9.0,0.222,0.0,3.0,0.0,3.0,3.0,1.0,0.0,5.0,5.0,3.0,1.0,0.0,7.0,4.0,7.0,-2.5,-15.0,https://www.basketball-reference.com/boxscores/202101060ATL.html,
2021-01-09,2021.0,8.0,22.112,1.0,4.0,-8.0,37.133,0.0,5.0,19.0,0.263,0.0,5.0,0.0,5.0,5.0,1.0,2.0,0.0,2.0,10.0,0.0,0.0,5.0,4.0,15.0,5.5,0.0,https://www.basketball-reference.com/boxscores/202101090CHO.html,
2021-01-11,2021.0,9.0,22.114,1.0,23.0,18.0,25.483,1.0,9.0,19.0,0.474,3.0,7.0,0.429,5.0,6.0,0.833,0.0,3.0,3.0,8.0,1.0,0.0,0.0,1.0,26.0,23.0,20.0,https://www.basketball-reference.com/boxscores/202101110ATL.html,
2021-01-15,2021.0,10.0,22.118,1.0,29.0,-24.0,24.033,0.0,1.0,11.0,0.091,0.0,2.0,0.0,2.0,2.0,1.0,0.0,4.0,4.0,7.0,1.0,1.0,2.0,0.0,4.0,2.5,-17.0,https://www.basketball-reference.com/boxscores/202101150UTA.html,
2021-01-16,2021.0,11.0,22.119,1.0,25.0,-6.0,38.867,0.0,7.0,23.0,0.304,1.0,9.0,0.111,11.0,12.0,0.917,0.0,7.0,7.0,11.0,0.0,0.0,5.0,2.0,26.0,16.3,-11.0,https://www.basketball-reference.com/boxscores/202101160POR.html,
2021-01-18,2021.0,12.0,22.121,1.0,18.0,11.0,32.267,1.0,3.0,8.0,0.375,2.0,5.0,0.4,12.0,13.0,0.923,0.0,8.0,8.0,13.0,3.0,0.0,6.0,5.0,20.0,21.7,12.0,https://www.basketball-reference.com/boxscores/202101180ATL.html,
2021-01-20,2021.0,13.0,22.123,1.0,9.0,8.0,44.017,1.0,11.0,26.0,0.423,3.0,5.0,0.6,13.0,19.0,0.684,2.0,2.0,4.0,10.0,2.0,1.0,2.0,1.0,38.0,31.1,7.0,https://www.basketball-reference.com/boxscores/202101200ATL.html,
2021-01-22,2021.0,14.0,22.125,1.0,18.0,18.0,30.967,0.0,14.0,22.0,0.636,8.0,12.0,0.667,7.0,7.0,1.0,0.0,4.0,4.0,5.0,0.0,0.0,7.0,0.0,43.0,30.9,14.0,https://www.basketball-reference.com/boxscores/202101220MIN.html,
2021-01-24,2021.0,15.0,22.127,1.0,17.0,-14.0,0.0,0.0,0.0,0.0,0.0,0.0,0.0,0.0,0.0,0.0,0.0,0.0,0.0,0.0,0.0,0.0,0.0,0.0,0.0,0.0,0.0,0.0,https://www.basketball-reference.com/boxscores/202101240MIL.html,
2021-01-26,2021.0,16.0,22.129,1.0,13.0,9.0,36.283,1.0,12.0,23.0,0.522,3.0,7.0,0.429,11.0,11.0,1.0,0.0,3.0,3.0,5.0,1.0,0.0,3.0,0.0,38.0,29.1,12.0,https://www.basketball-reference.com/boxscores/202101260ATL.html,
2021-01-27,2021.0,17.0,22.13,1.0,3.0,-4.0,43.633,1.0,7.0,22.0,0.318,3.0,8.0,0.375,11.0,12.0,0.917,0.0,3.0,3.0,14.0,0.0,1.0,3.0,4.0,28.0,21.8,2.0,https://www.basketball-reference.com/boxscores/202101270ATL.html,
2021-01-29,2021.0,18.0,22.132,1.0,30.0,16.0,33.683,0.0,10.0,18.0,0.556,5.0,9.0,0.556,16.0,17.0,0.941,1.0,2.0,3.0,5.0,0.0,0.0,2.0,4.0,41.0,33.2,12.0,https://www.basketball-reference.com/boxscores/202101290WAS.html,
2021-02-01,2021.0,19.0,22.135,1.0,14.0,-8.0,38.517,1.0,7.0,15.0,0.467,1.0,4.0,0.25,10.0,11.0,0.909,0.0,4.0,4.0,16.0,2.0,0.0,7.0,3.0,25.0,23.1,-2.0,https://www.basketball-reference.com/boxscores/202102010ATL.html,
2021-02-03,2021.0,20.0,22.137,1.0,7.0,-6.0,35.667,1.0,8.0,18.0,0.444,3.0,8.0,0.375,2.0,3.0,0.667,0.0,4.0,4.0,9.0,1.0,0.0,4.0,3.0,21.0,14.5,4.0,https://www.basketball-reference.com/boxscores/202102030ATL.html,
2021-02-04,2021.0,21.0,22.138,1.0,29.0,-21.0,0.0,1.0,0.0,0.0,0.0,0.0,0.0,0.0,0.0,0.0,0.0,0.0,0.0,0.0,0.0,0.0,0.0,0.0,0.0,0.0,0.0,0.0,https://www.basketball-reference.com/boxscores/202102040ATL.html,
2021-02-06,2021.0,22.0,22.14,1.0,28.0,11.0,36.133,1.0,6.0,15.0,0.4,2.0,4.0,0.5,14.0,14.0,1.0,0.0,2.0,2.0,13.0,0.0,2.0,7.0,3.0,28.0,22.8,9.0,https://www.basketball-reference.com/boxscores/202102060ATL.html,
2021-02-10,2021.0,23.0,22.144,1.0,7.0,-1.0,42.0,0.0,8.0,22.0,0.364,4.0,11.0,0.364,5.0,6.0,0.833,1.0,6.0,7.0,15.0,1.0,1.0,3.0,2.0,25.0,23.3,7.0,https://www.basketball-reference.com/boxscores/202102100DAL.html,
2021-02-12,2021.0,24.0,22.146,1.0,27.0,-11.0,23.4,1.0,8.0,15.0,0.533,2.0,6.0,0.333,7.0,8.0,0.875,0.0,1.0,1.0,3.0,1.0,0.0,2.0,1.0,25.0,18.3,-27.0,https://www.basketball-reference.com/boxscores/202102120ATL.html,
2021-02-13,2021.0,25.0,22.147,1.0,12.0,-12.0,36.25,1.0,3.0,9.0,0.333,0.0,0.0,0.0,9.0,11.0,0.818,1.0,0.0,1.0,14.0,0.0,0.0,3.0,2.0,15.0,15.8,-5.0,https://www.basketball-reference.com/boxscores/202102130ATL.html,
2021-02-15,2021.0,26.0,22.149,1.0,20.0,-11.0,39.933,0.0,6.0,19.0,0.316,1.0,4.0,0.25,10.0,12.0,0.833,0.0,3.0,3.0,8.0,1.0,0.0,4.0,2.0,23.0,14.0,-4.0,https://www.basketball-reference.com/boxscores/202102150NYK.html,
2021-02-17,2021.0,27.0,22.151,1.0,2.0,8.0,35.133,0.0,14.0,20.0,0.7,4.0,9.0,0.444,8.0,8.0,1.0,0.0,3.0,3.0,8.0,2.0,0.0,8.0,1.0,40.0,31.7,2.0,https://www.basketball-reference.com/boxscores/202102170BOS.html,
2021-02-19,2021.0,28.0,22.153,1.0,2.0,-12.0,36.55,0.0,10.0,16.0,0.625,3.0,7.0,0.429,8.0,9.0,0.889,0.0,4.0,4.0,11.0,3.0,0.0,6.0,1.0,31.0,28.9,-26.0,https://www.basketball-reference.com/boxscores/202102190BOS.html,
2021-02-21,2021.0,29.0,22.155,1.0,8.0,8.0,36.117,1.0,10.0,19.0,0.526,4.0,7.0,0.571,11.0,13.0,0.846,2.0,4.0,6.0,15.0,1.0,0.0,3.0,2.0,35.0,35.2,6.0,https://www.basketball-reference.com/boxscores/202102210ATL.html,
2021-02-23,2021.0,30.0,22.157,1.0,6.0,-1.0,37.933,0.0,9.0,27.0,0.333,1.0,7.0,0.143,9.0,13.0,0.692,3.0,4.0,7.0,12.0,0.0,1.0,5.0,2.0,28.0,17.7,7.0,https://www.basketball-reference.com/boxscores/202102230CLE.html,
2021-02-24,2021.0,31.0,22.158,1.0,2.0,15.0,34.65,1.0,12.0,23.0,0.522,5.0,11.0,0.455,4.0,5.0,0.8,2.0,2.0,4.0,7.0,1.0,0.0,4.0,1.0,33.0,24.8,13.0,https://www.basketball-reference.com/boxscores/202102240ATL.html,
2021-02-26,2021.0,32.0,22.16,1.0,21.0,-9.0,31.383,0.0,7.0,21.0,0.333,3.0,9.0,0.333,0.0,0.0,0.0,0.0,6.0,6.0,8.0,0.0,0.0,3.0,0.0,17.0,9.5,-12.0,https://www.basketball-reference.com/boxscores/202102260OKC.html,
2021-02-28,2021.0,33.0,22.162,1.0,16.0,-10.0,35.833,0.0,3.0,14.0,0.214,2.0,8.0,0.25,7.0,7.0,1.0,0.0,8.0,8.0,9.0,2.0,0.0,7.0,4.0,15.0,8.5,9.0,https://www.basketball-reference.com/boxscores/202102280MIA.html,
2021-03-02,2021.0,34.0,22.164,1.0,16.0,14.0,33.417,0.0,5.0,12.0,0.417,4.0,9.0,0.444,4.0,5.0,0.8,0.0,3.0,3.0,10.0,1.0,0.0,8.0,4.0,18.0,10.5,12.0,https://www.basketball-reference.com/boxscores/202103020MIA.html,
2021-03-03,2021.0,35.0,22.165,1.0,22.0,3.0,34.8,0.0,9.0,19.0,0.474,4.0,7.0,0.571,10.0,11.0,0.909,0.0,4.0,4.0,8.0,2.0,0.0,2.0,3.0,32.0,27.5,8.0,https://www.basketball-reference.com/boxscores/202103030ORL.html,
2021-03-11,2021.0,36.0,22.173,1.0,28.0,1.0,36.867,0.0,11.0,24.0,0.458,2.0,7.0,0.286,13.0,16.0,0.813,1.0,4.0,5.0,6.0,0.0,1.0,6.0,3.0,37.0,23.0,-5.0,https://www.basketball-reference.com/boxscores/202103110TOR.html,
2021-03-13,2021.0,37.0,22.175,1.0,26.0,15.0,31.9,1.0,9.0,17.0,0.529,5.0,10.0,0.5,5.0,7.0,0.714,0.0,1.0,1.0,9.0,1.0,0.0,4.0,1.0,28.0,22.1,7.0,https://www.basketball-reference.com/boxscores/202103130ATL.html,
2021-03-14,2021.0,38.0,22.176,1.0,6.0,18.0,27.75,1.0,4.0,9.0,0.444,2.0,6.0,0.333,4.0,4.0,1.0,0.0,2.0,2.0,6.0,0.0,0.0,2.0,1.0,14.0,11.7,14.0,https://www.basketball-reference.com/boxscores/202103140ATL.html,
2021-03-16,2021.0,39.0,22.178,1.0,11.0,12.0,32.217,0.0,3.0,13.0,0.231,1.0,5.0,0.2,6.0,7.0,0.857,1.0,2.0,3.0,14.0,1.0,0.0,5.0,1.0,13.0,11.4,7.0,https://www.basketball-reference.com/boxscores/202103160HOU.html,
2021-03-18,2021.0,40.0,22.18,1.0,21.0,23.0,25.183,1.0,9.0,15.0,0.6,2.0,6.0,0.333,3.0,4.0,0.75,0.0,6.0,6.0,9.0,0.0,0.0,2.0,1.0,23.0,21.4,18.0,https://www.basketball-reference.com/boxscores/202103180ATL.html,
2021-03-20,2021.0,41.0,22.182,1.0,14.0,5.0,33.983,0.0,6.0,18.0,0.333,0.0,7.0,0.0,2.0,2.0,1.0,1.0,2.0,3.0,11.0,1.0,0.0,2.0,1.0,14.0,11.4,13.0,https://www.basketball-reference.com/boxscores/202103200LAL.html,
2021-03-22,2021.0,42.0,22.184,1.0,13.0,-9.0,37.567,0.0,9.0,20.0,0.45,5.0,11.0,0.455,5.0,6.0,0.833,2.0,3.0,5.0,8.0,0.0,1.0,4.0,1.0,28.0,21.4,-1.0,https://www.basketball-reference.com/boxscores/202103220LAC.html,
2021-03-24,2021.0,43.0,22.186,1.0,26.0,-2.0,38.367,0.0,11.0,24.0,0.458,1.0,7.0,0.143,6.0,6.0,1.0,1.0,2.0,3.0,9.0,1.0,0.0,3.0,2.0,29.0,21.4,-4.0,https://www.basketball-reference.com/boxscores/202103240SAC.html,
2021-03-26,2021.0,44.0,22.188,1.0,10.0,16.0,36.067,0.0,6.0,14.0,0.429,1.0,6.0,0.167,8.0,9.0,0.889,0.0,3.0,3.0,15.0,0.0,1.0,4.0,0.0,21.0,21.3,13.0,https://www.basketball-reference.com/boxscores/202103260GSW.html,
2021-03-28,2021.0,45.0,22.19,1.0,8.0,-24.0,34.183,0.0,8.0,14.0,0.571,3.0,7.0,0.429,2.0,2.0,1.0,0.0,5.0,5.0,7.0,2.0,0.0,7.0,2.0,21.0,15.0,-16.0,https://www.basketball-reference.com/boxscores/202103280DEN.html,
2021-03-30,2021.0,46.0,22.192,1.0,24.0,-7.0,32.55,0.0,5.0,16.0,0.313,1.0,4.0,0.25,8.0,9.0,0.889,1.0,1.0,2.0,13.0,3.0,0.0,3.0,4.0,19.0,17.9,-5.0,https://www.basketball-reference.com/boxscores/202103300PHO.html,
2021-04-01,2021.0,47.0,22.194,1.0,27.0,5.0,35.0,0.0,11.0,23.0,0.478,2.0,2.0,1.0,4.0,6.0,0.667,0.0,2.0,2.0,12.0,1.0,0.0,7.0,5.0,28.0,16.5,8.0,https://www.basketball-reference.com/boxscores/202104010SAS.html,
2021-04-02,2021.0,48.0,22.195,1.0,19.0,23.0,0.0,0.0,0.0,0.0,0.0,0.0,0.0,0.0,0.0,0.0,0.0,0.0,0.0,0.0,0.0,0.0,0.0,0.0,0.0,0.0,0.0,0.0,https://www.basketball-reference.com/boxscores/202104020NOP.html,
2021-04-04,2021.0,49.0,22.197,1.0,10.0,6.0,27.883,1.0,3.0,11.0,0.273,0.0,4.0,0.0,7.0,8.0,0.875,0.0,2.0,2.0,3.0,1.0,0.0,7.0,1.0,13.0,2.4,-8.0,https://www.basketball-reference.com/boxscores/202104040ATL.html,
2021-04-06,2021.0,50.0,22.199,1.0,19.0,16.0,31.45,1.0,10.0,21.0,0.476,6.0,7.0,0.857,4.0,6.0,0.667,0.0,1.0,1.0,12.0,0.0,0.0,3.0,0.0,30.0,24.2,26.0,https://www.basketball-reference.com/boxscores/202104060ATL.html,
2021-04-07,2021.0,51.0,22.2,1.0,15.0,-18.0,33.55,1.0,6.0,17.0,0.353,0.0,4.0,0.0,2.0,2.0,1.0,0.0,5.0,5.0,11.0,0.0,0.0,2.0,3.0,14.0,10.5,-20.0,https://www.basketball-reference.com/boxscores/202104070ATL.html,
2021-04-09,2021.0,52.0,22.202,1.0,5.0,12.0,37.933,1.0,15.0,25.0,0.6,1.0,6.0,0.167,11.0,14.0,0.786,0.0,8.0,8.0,9.0,0.0,0.0,4.0,1.0,42.0,33.6,20.0,https://www.basketball-reference.com/boxscores/202104090ATL.html,
2021-04-11,2021.0,53.0,22.204,1.0,4.0,4.0,0.0,0.0,0.0,0.0,0.0,0.0,0.0,0.0,0.0,0.0,0.0,0.0,0.0,0.0,0.0,0.0,0.0,0.0,0.0,0.0,0.0,0.0,https://www.basketball-reference.com/boxscores/202104110CHO.html,
2021-04-13,2021.0,54.0,22.206,1.0,28.0,5.0,0.0,0.0,0.0,0.0,0.0,0.0,0.0,0.0,0.0,0.0,0.0,0.0,0.0,0.0,0.0,0.0,0.0,0.0,0.0,0.0,0.0,0.0,https://www.basketball-reference.com/boxscores/202104130TOR.html,
2021-04-15,2021.0,55.0,22.208,1.0,17.0,-11.0,36.933,1.0,3.0,17.0,0.176,0.0,3.0,0.0,9.0,9.0,1.0,0.0,2.0,2.0,9.0,0.0,0.0,6.0,0.0,15.0,5.2,2.0,https://www.basketball-reference.com/boxscores/202104150ATL.html,
2021-04-18,2021.0,56.0,22.211,1.0,12.0,12.0,35.483,1.0,9.0,21.0,0.429,3.0,9.0,0.333,13.0,14.0,0.929,0.0,5.0,5.0,11.0,2.0,0.0,2.0,0.0,34.0,31.7,14.0,https://www.basketball-reference.com/boxscores/202104180ATL.html,
2021-04-20,2021.0,57.0,22.213,1.0,22.0,16.0,32.383,1.0,7.0,16.0,0.438,2.0,5.0,0.4,9.0,10.0,0.9,3.0,2.0,5.0,7.0,1.0,0.0,5.0,3.0,25.0,18.6,7.0,https://www.basketball-reference.com/boxscores/202104200ATL.html,
2021-04-21,2021.0,58.0,22.214,1.0,20.0,-10.0,29.817,0.0,6.0,17.0,0.353,1.0,4.0,0.25,7.0,7.0,1.0,0.0,2.0,2.0,14.0,4.0,0.0,1.0,0.0,20.0,23.9,13.0,https://www.basketball-reference.com/boxscores/202104210NYK.html,
2021-04-23,2021.0,59.0,22.216,1.0,16.0,15.0,0.0,1.0,0.0,0.0,0.0,0.0,0.0,0.0,0.0,0.0,0.0,0.0,0.0,0.0,0.0,0.0,0.0,0.0,0.0,0.0,0.0,0.0,https://www.basketball-reference.com/boxscores/202104230ATL.html,
2021-04-25,2021.0,60.0,22.218,1.0,17.0,7.0,0.0,1.0,0.0,0.0,0.0,0.0,0.0,0.0,0.0,0.0,0.0,0.0,0.0,0.0,0.0,0.0,0.0,0.0,0.0,0.0,0.0,0.0,https://www.basketball-reference.com/boxscores/202104250ATL.html,
2021-04-26,2021.0,61.0,22.219,1.0,9.0,-14.0,0.0,0.0,0.0,0.0,0.0,0.0,0.0,0.0,0.0,0.0,0.0,0.0,0.0,0.0,0.0,0.0,0.0,0.0,0.0,0.0,0.0,0.0,https://www.basketball-reference.com/boxscores/202104260DET.html,
2021-04-28,2021.0,62.0,22.221,1.0,23.0,-44.0,0.0,0.0,0.0,0.0,0.0,0.0,0.0,0.0,0.0,0.0,0.0,0.0,0.0,0.0,0.0,0.0,0.0,0.0,0.0,0.0,0.0,0.0,https://www.basketball-reference.com/boxscores/202104280PHI.html,
2021-04-30,2021.0,63.0,22.223,1.0,23.0,-22.0,28.233,0.0,10.0,19.0,0.526,2.0,6.0,0.333,10.0,10.0,1.0,0.0,1.0,1.0,4.0,0.0,0.0,4.0,1.0,32.0,21.4,-7.0,https://www.basketball-reference.com/boxscores/202104300PHI.html,
2021-05-01,2021.0,64.0,22.224,1.0,5.0,11.0,35.8,1.0,9.0,14.0,0.643,4.0,8.0,0.5,11.0,12.0,0.917,0.0,3.0,3.0,7.0,2.0,0.0,4.0,2.0,33.0,29.4,15.0,https://www.basketball-reference.com/boxscores/202105010ATL.html,
2021-05-03,2021.0,65.0,22.226,1.0,25.0,9.0,35.1,1.0,6.0,16.0,0.375,1.0,6.0,0.167,8.0,8.0,1.0,2.0,4.0,6.0,11.0,0.0,0.0,6.0,0.0,21.0,16.5,1.0,https://www.basketball-reference.com/boxscores/202105030ATL.html,
2021-05-05,2021.0,66.0,22.228,1.0,24.0,32.0,26.3,1.0,6.0,12.0,0.5,0.0,3.0,0.0,4.0,4.0,1.0,0.0,2.0,2.0,12.0,1.0,0.0,1.0,3.0,16.0,17.8,-1.0,https://www.basketball-reference.com/boxscores/202105050ATL.html,
2021-05-06,2021.0,67.0,22.229,1.0,12.0,-7.0,35.133,0.0,10.0,19.0,0.526,2.0,6.0,0.333,8.0,8.0,1.0,1.0,3.0,4.0,10.0,0.0,1.0,4.0,1.0,30.0,25.6,-8.0,https://www.basketball-reference.com/boxscores/202105060IND.html,
2021-05-10,2021.0,68.0,22.233,1.0,30.0,1.0,36.617,1.0,11.0,22.0,0.5,1.0,7.0,0.143,13.0,13.0,1.0,0.0,6.0,6.0,9.0,0.0,0.0,6.0,0.0,36.0,27.1,18.0,https://www.basketball-reference.com/boxscores/202105100ATL.html,
2021-05-12,2021.0,69.0,22.235,1.0,30.0,4.0,36.75,1.0,12.0,25.0,0.48,2.0,8.0,0.25,7.0,7.0,1.0,0.0,8.0,8.0,9.0,0.0,0.0,5.0,2.0,33.0,23.2,2.0,https://www.basketball-reference.com/boxscores/202105120ATL.html,
2021-05-13,2021.0,70.0,22.236,1.0,22.0,23.0,25.8,1.0,7.0,14.0,0.5,0.0,5.0,0.0,4.0,4.0,1.0,0.0,0.0,0.0,7.0,0.0,0.0,1.0,2.0,18.0,14.1,26.0,https://www.basketball-reference.com/boxscores/202105130ATL.html,
2021-05-16,2021.0,71.0,22.239,1.0,11.0,29.0,16.333,1.0,3.0,9.0,0.333,1.0,3.0,0.333,3.0,4.0,0.75,0.0,3.0,3.0,9.0,2.0,0.0,2.0,0.0,10.0,11.7,13.0,https://www.basketball-reference.com/boxscores/202105160ATL.html,
2021-05-23,2021.0,72.0,22.246,1.0,20.0,2.0,35.283,0.0,11.0,23.0,0.478,1.0,3.0,0.333,9.0,9.0,1.0,2.0,5.0,7.0,10.0,0.0,0.0,2.0,0.0,32.0,28.2,0.0,https://www.basketball-reference.com/boxscores/202105230NYK.html,
2021-05-26,2021.0,73.0,22.249,1.0,20.0,-9.0,35.483,0.0,11.0,20.0,0.55,4.0,7.0,0.571,4.0,4.0,1.0,0.0,1.0,1.0,7.0,0.0,0.0,5.0,1.0,30.0,20.2,5.0,https://www.basketball-reference.com/boxscores/202105260NYK.html,
2021-05-28,2021.0,74.0,22.251,1.0,20.0,11.0,36.883,1.0,8.0,19.0,0.421,2.0,6.0,0.333,3.0,4.0,0.75,0.0,1.0,1.0,14.0,0.0,0.0,2.0,2.0,21.0,17.8,9.0,https://www.basketball-reference.com/boxscores/202105280ATL.html,
2021-05-30,2021.0,75.0,22.253,1.0,20.0,17.0,33.2,1.0,9.0,21.0,0.429,4.0,14.0,0.286,5.0,5.0,1.0,0.0,1.0,1.0,9.0,1.0,0.0,2.0,3.0,27.0,20.3,17.0,https://www.basketball-reference.com/boxscores/202105300ATL.html,
2021-06-02,2021.0,76.0,22.256,1.0,20.0,14.0,41.25,0.0,10.0,28.0,0.357,3.0,11.0,0.273,13.0,15.0,0.867,1.0,3.0,4.0,9.0,2.0,0.0,4.0,0.0,36.0,25.5,16.0,https://www.basketball-reference.com/boxscores/202106020NYK.html,
2021-06-06,2021.0,77.0,22.26,1.0,23.0,4.0,39.017,0.0,11.0,23.0,0.478,4.0,11.0,0.364,9.0,9.0,1.0,0.0,2.0,2.0,10.0,2.0,0.0,4.0,3.0,35.0,27.7,-11.0,https://www.basketball-reference.com/boxscores/202106060PHI.html,
2021-06-08,2021.0,78.0,22.262,1.0,23.0,-16.0,37.833,0.0,6.0,16.0,0.375,1.0,7.0,0.143,8.0,9.0,0.889,1.0,2.0,3.0,11.0,1.0,0.0,4.0,1.0,21.0,17.4,-11.0,https://www.basketball-reference.com/boxscores/202106080PHI.html,
2021-06-11,2021.0,79.0,22.265,1.0,23.0,-16.0,36.733,1.0,9.0,17.0,0.529,3.0,6.0,0.5,7.0,8.0,0.875,0.0,0.0,0.0,8.0,2.0,0.0,3.0,4.0,28.0,22.3,-10.0,https://www.basketball-reference.com/boxscores/202106110ATL.html,
2021-06-14,2021.0,80.0,22.268,1.0,23.0,3.0,40.017,1.0,8.0,26.0,0.308,3.0,11.0,0.273,6.0,8.0,0.75,1.0,3.0,4.0,18.0,1.0,0.0,2.0,3.0,25.0,21.2,7.0,https://www.basketball-reference.com/boxscores/202106140ATL.html,
2021-06-16,2021.0,81.0,22.27,1.0,23.0,3.0,40.3,0.0,10.0,23.0,0.435,2.0,6.0,0.333,17.0,19.0,0.895,1.0,0.0,1.0,7.0,3.0,0.0,2.0,4.0,39.0,31.1,-6.0,https://www.basketball-reference.com/boxscores/202106160PHI.html,
2021-06-18,2021.0,82.0,22.272,1.0,23.0,-5.0,40.183,1.0,13.0,30.0,0.433,5.0,10.0,0.5,3.0,5.0,0.6,0.0,5.0,5.0,12.0,3.0,0.0,4.0,4.0,34.0,24.7,7.0,https://www.basketball-reference.com/boxscores/202106180ATL.html,
2021-06-20,2021.0,83.0,22.274,1.0,23.0,7.0,43.0,0.0,5.0,23.0,0.217,2.0,11.0,0.182,9.0,11.0,0.818,0.0,3.0,3.0,10.0,0.0,0.0,6.0,4.0,21.0,6.4,7.0,https://www.basketball-reference.com/boxscores/202106200PHI.html,
2021-06-23,2021.0,84.0,22.277,1.0,17.0,3.0,41.083,0.0,17.0,34.0,0.5,4.0,13.0,0.308,10.0,12.0,0.833,1.0,6.0,7.0,11.0,1.0,0.0,6.0,3.0,48.0,34.2,10.0,https://www.basketball-reference.com/boxscores/202106230MIL.html,
2021-06-25,2021.0,85.0,22.279,1.0,17.0,-34.0,28.25,0.0,6.0,16.0,0.375,1.0,8.0,0.125,2.0,3.0,0.667,0.0,2.0,2.0,3.0,2.0,0.0,9.0,0.0,15.0,1.5,-29.0,https://www.basketball-reference.com/boxscores/202106250MIL.html,
2021-06-27,2021.0,86.0,22.281,1.0,17.0,-11.0,39.35,1.0,12.0,23.0,0.522,6.0,14.0,0.429,5.0,6.0,0.833,0.0,0.0,0.0,4.0,1.0,0.0,4.0,1.0,35.0,22.7,-13.0,https://www.basketball-reference.com/boxscores/202106270ATL.html,
2021-06-29,2021.0,87.0,22.283,1.0,17.0,22.0,0.0,1.0,0.0,0.0,0.0,0.0,0.0,0.0,0.0,0.0,0.0,0.0,0.0,0.0,0.0,0.0,0.0,0.0,0.0,0.0,0.0,0.0,https://www.basketball-reference.com/boxscores/202106290ATL.html,
2021-07-01,2021.0,88.0,22.285,1.0,17.0,-11.0,0.0,0.0,0.0,0.0,0.0,0.0,0.0,0.0,0.0,0.0,0.0,0.0,0.0,0.0,0.0,0.0,0.0,0.0,0.0,0.0,0.0,0.0,https://www.basketball-reference.com/boxscores/202107010MIL.html,
2021-07-03,2021.0,89.0,22.287,1.0,17.0,-11.0,35.467,1.0,4.0,17.0,0.235,0.0,6.0,0.0,6.0,7.0,0.857,0.0,4.0,4.0,9.0,1.0,0.0,5.0,2.0,14.0,6.0,-5.0,https://www.basketball-reference.com/boxscores/202107030ATL.html,
2021-10-21,2022.0,0.0,23.032,1.0,7.0,26.0,32.683,1.0,6.0,16.0,0.375,2.0,5.0,0.4,5.0,5.0,1.0,0.0,2.0,2.0,14.0,0.0,0.0,5.0,0.0,19.0,15.6,21.0,https://www.basketball-reference.com/boxscores/202110210ATL.html,
2021-10-23,2022.0,1.0,23.034,1.0,6.0,-6.0,35.45,0.0,8.0,22.0,0.364,1.0,6.0,0.167,7.0,7.0,1.0,0.0,1.0,1.0,7.0,3.0,0.0,2.0,1.0,24.0,17.6,-14.0,https://www.basketball-reference.com/boxscores/202110230CLE.html,
2021-10-25,2022.0,2.0,23.036,1.0,9.0,18.0,32.067,1.0,13.0,21.0,0.619,2.0,5.0,0.4,4.0,4.0,1.0,0.0,4.0,4.0,9.0,1.0,0.0,2.0,2.0,32.0,28.2,17.0,https://www.basketball-reference.com/boxscores/202110250ATL.html,
2021-10-27,2022.0,3.0,23.038,1.0,19.0,3.0,36.3,0.0,13.0,27.0,0.481,2.0,6.0,0.333,3.0,3.0,1.0,1.0,4.0,5.0,7.0,0.0,0.0,3.0,0.0,31.0,21.1,-8.0,https://www.basketball-reference.com/boxscores/202110270NOP.html,
2021-10-28,2022.0,4.0,23.039,1.0,30.0,-11.0,34.767,0.0,6.0,17.0,0.353,1.0,5.0,0.2,2.0,3.0,0.667,0.0,3.0,3.0,13.0,2.0,1.0,3.0,0.0,15.0,14.8,-8.0,https://www.basketball-reference.com/boxscores/202110280WAS.html,
2021-10-30,2022.0,5.0,23.041,1.0,23.0,-28.0,31.717,0.0,5.0,16.0,0.313,1.0,4.0,0.25,2.0,4.0,0.5,0.0,2.0,2.0,10.0,0.0,0.0,3.0,2.0,13.0,6.8,-23.0,https://www.basketball-reference.com/boxscores/202110300PHI.html,
2021-11-01,2022.0,6.0,23.043,1.0,30.0,7.0,36.05,1.0,7.0,16.0,0.438,1.0,6.0,0.167,11.0,11.0,1.0,0.0,4.0,4.0,6.0,1.0,0.0,6.0,2.0,26.0,17.2,19.0,https://www.basketball-reference.com/boxscores/202111010ATL.html,
2021-11-03,2022.0,7.0,23.045,1.0,3.0,-9.0,36.767,0.0,6.0,22.0,0.273,2.0,6.0,0.333,7.0,8.0,0.875,3.0,6.0,9.0,10.0,0.0,0.0,2.0,1.0,21.0,16.1,-2.0,https://www.basketball-reference.com/boxscores/202111030BRK.html,
2021-11-04,2022.0,8.0,23.046,1.0,29.0,-18.0,34.183,1.0,8.0,20.0,0.4,0.0,4.0,0.0,5.0,5.0,1.0,2.0,2.0,4.0,7.0,1.0,1.0,2.0,2.0,21.0,16.0,-7.0,https://www.basketball-reference.com/boxscores/202111040ATL.html,
2021-11-06,2022.0,9.0,23.048,1.0,24.0,-4.0,39.233,0.0,10.0,23.0,0.435,4.0,9.0,0.444,7.0,8.0,0.875,0.0,2.0,2.0,13.0,0.0,0.0,6.0,2.0,31.0,21.4,1.0,https://www.basketball-reference.com/boxscores/202111060PHO.html,
2021-11-08,2022.0,10.0,23.05,1.0,10.0,-14.0,32.1,0.0,11.0,20.0,0.55,4.0,8.0,0.5,2.0,3.0,0.667,0.0,3.0,3.0,9.0,1.0,0.0,4.0,2.0,28.0,21.4,-9.0,https://www.basketball-reference.com/boxscores/202111080GSW.html,
2021-11-09,2022.0,11.0,23.051,1.0,29.0,-12.0,35.217,0.0,10.0,21.0,0.476,5.0,11.0,0.455,2.0,2.0,1.0,0.0,0.0,0.0,6.0,1.0,0.0,6.0,2.0,27.0,14.7,-15.0,https://www.basketball-reference.com/boxscores/202111090UTA.html,
2021-11-12,2022.0,12.0,23.054,1.0,8.0,-9.0,32.433,0.0,9.0,16.0,0.563,3.0,5.0,0.6,9.0,10.0,0.9,1.0,4.0,5.0,9.0,1.0,0.0,5.0,4.0,30.0,24.6,-9.0,https://www.basketball-reference.com/boxscores/202111120DEN.html,
2021-11-14,2022.0,13.0,23.056,1.0,17.0,20.0,31.967,1.0,16.0,26.0,0.615,8.0,13.0,0.615,2.0,2.0,1.0,2.0,6.0,8.0,10.0,1.0,0.0,5.0,3.0,42.0,35.2,12.0,https://www.basketball-reference.com/boxscores/202111140ATL.html,
2021-11-15,2022.0,14.0,23.057,1.0,22.0,18.0,30.417,1.0,9.0,21.0,0.429,3.0,7.0,0.429,2.0,4.0,0.5,0.0,4.0,4.0,6.0,1.0,0.0,5.0,4.0,23.0,10.9,18.0,https://www.basketball-reference.com/boxscores/202111150ATL.html,
2021-11-17,2022.0,15.0,23.059,1.0,2.0,11.0,35.083,1.0,4.0,12.0,0.333,0.0,6.0,0.0,10.0,10.0,1.0,0.0,0.0,0.0,11.0,1.0,0.0,6.0,2.0,18.0,13.1,9.0,https://www.basketball-reference.com/boxscores/202111170ATL.html,
2021-11-20,2022.0,16.0,23.062,1.0,4.0,10.0,34.4,1.0,5.0,15.0,0.333,2.0,7.0,0.286,7.0,7.0,1.0,1.0,3.0,4.0,9.0,1.0,0.0,4.0,1.0,19.0,15.0,1.0,https://www.basketball-reference.com/boxscores/202111200ATL.html,
2021-11-22,2022.0,17.0,23.064,1.0,21.0,12.0,31.917,1.0,9.0,20.0,0.45,5.0,9.0,0.556,7.0,7.0,1.0,1.0,3.0,4.0,6.0,1.0,0.0,2.0,2.0,30.0,23.6,8.0,https://www.basketball-reference.com/boxscores/202111220ATL.html,
2021-11-24,2022.0,18.0,23.066,1.0,27.0,18.0,30.117,0.0,14.0,22.0,0.636,2.0,6.0,0.333,1.0,2.0,0.5,1.0,6.0,7.0,11.0,2.0,0.0,2.0,2.0,31.0,30.2,30.0,https://www.basketball-reference.com/boxscores/202111240SAS.html,
2021-11-26,2022.0,19.0,23.068,1.0,15.0,32.0,27.4,0.0,12.0,16.0,0.75,3.0,4.0,0.75,4.0,5.0,0.8,0.0,1.0,1.0,10.0,0.0,0.0,4.0,0.0,31.0,27.5,34.0,https://www.basketball-reference.com/boxscores/202111260MEM.html,
2021-11-27,2022.0,20.0,23.069,1.0,20.0,-9.0,39.183,1.0,10.0,22.0,0.455,5.0,10.0,0.5,8.0,10.0,0.8,0.0,4.0,4.0,7.0,0.0,0.0,3.0,1.0,33.0,23.5,0.0,https://www.basketball-reference.com/boxscores/202111270ATL.html,
2021-12-01,2022.0,21.0,23.073,1.0,12.0,3.0,37.1,0.0,13.0,27.0,0.481,3.0,10.0,0.3,4.0,4.0,1.0,1.0,7.0,8.0,10.0,2.0,0.0,4.0,2.0,33.0,26.3,3.0,https://www.basketball-reference.com/boxscores/202112010IND.html,
2021-12-03,2022.0,22.0,23.075,1.0,23.0,-2.0,36.0,1.0,8.0,22.0,0.364,2.0,5.0,0.4,7.0,8.0,0.875,2.0,2.0,4.0,10.0,0.0,1.0,4.0,5.0,25.0,16.1,-8.0,https://www.basketball-reference.com/boxscores/202112030ATL.html,
2021-12-05,2022.0,23.0,23.077,1.0,4.0,-3.0,36.433,1.0,9.0,22.0,0.409,4.0,10.0,0.4,3.0,4.0,0.75,1.0,3.0,4.0,15.0,1.0,0.0,6.0,0.0,25.0,19.9,-5.0,https://www.basketball-reference.com/boxscores/202112050ATL.html,
2021-12-06,2022.0,24.0,23.078,1.0,18.0,11.0,35.9,0.0,7.0,18.0,0.389,4.0,9.0,0.444,11.0,13.0,0.846,2.0,5.0,7.0,11.0,2.0,0.0,5.0,1.0,29.0,25.6,7.0,https://www.basketball-reference.com/boxscores/202112060MIN.html,
2021-12-10,2022.0,25.0,23.082,1.0,3.0,-8.0,35.717,1.0,10.0,27.0,0.37,2.0,8.0,0.25,9.0,10.0,0.9,5.0,2.0,7.0,10.0,2.0,0.0,7.0,1.0,31.0,21.4,-5.0,https://www.basketball-reference.com/boxscores/202112100ATL.html,
2021-12-13,2022.0,26.0,23.085,1.0,11.0,-6.0,35.517,1.0,14.0,22.0,0.636,5.0,9.0,0.556,8.0,9.0,0.889,0.0,4.0,4.0,9.0,1.0,0.0,7.0,2.0,41.0,31.5,4.0,https://www.basketball-reference.com/boxscores/202112130ATL.html,
2021-12-15,2022.0,27.0,23.087,1.0,22.0,12.0,30.383,0.0,11.0,22.0,0.5,1.0,8.0,0.125,5.0,5.0,1.0,1.0,3.0,4.0,4.0,2.0,0.0,1.0,1.0,28.0,22.0,15.0,https://www.basketball-reference.com/boxscores/202112150ORL.html,
2021-12-17,2022.0,28.0,23.089,1.0,8.0,-18.0,33.933,1.0,12.0,27.0,0.444,1.0,6.0,0.167,9.0,10.0,0.9,0.0,3.0,3.0,10.0,2.0,0.0,4.0,2.0,34.0,24.6,-4.0,https://www.basketball-reference.com/boxscores/202112170ATL.html,
2021-12-22,2022.0,29.0,23.094,1.0,22.0,-6.0,0.0,1.0,0.0,0.0,0.0,0.0,0.0,0.0,0.0,0.0,0.0,0.0,0.0,0.0,0.0,0.0,0.0,0.0,0.0,0.0,0.0,0.0,https://www.basketball-reference.com/boxscores/202112220ATL.html,
2021-12-23,2022.0,30.0,23.095,1.0,23.0,2.0,0.0,0.0,0.0,0.0,0.0,0.0,0.0,0.0,0.0,0.0,0.0,0.0,0.0,0.0,0.0,0.0,0.0,0.0,0.0,0.0,0.0,0.0,https://www.basketball-reference.com/boxscores/202112230PHI.html,
2021-12-25,2022.0,31.0,23.097,1.0,20.0,-14.0,0.0,0.0,0.0,0.0,0.0,0.0,0.0,0.0,0.0,0.0,0.0,0.0,0.0,0.0,0.0,0.0,0.0,0.0,0.0,0.0,0.0,0.0,https://www.basketball-reference.com/boxscores/202112250NYK.html,
2021-12-27,2022.0,32.0,23.099,1.0,5.0,-12.0,39.783,1.0,8.0,23.0,0.348,1.0,6.0,0.167,12.0,12.0,1.0,0.0,1.0,1.0,9.0,0.0,0.0,2.0,1.0,29.0,20.3,-14.0,https://www.basketball-reference.com/boxscores/202112270ATL.html,
2021-12-29,2022.0,33.0,23.101,1.0,5.0,-14.0,33.3,0.0,10.0,23.0,0.435,2.0,7.0,0.286,4.0,4.0,1.0,0.0,3.0,3.0,11.0,0.0,0.0,7.0,1.0,26.0,15.1,-19.0,https://www.basketball-reference.com/boxscores/202112290CHI.html,
2021-12-31,2022.0,34.0,23.103,1.0,6.0,3.0,41.833,0.0,11.0,28.0,0.393,5.0,12.0,0.417,8.0,10.0,0.8,1.0,3.0,4.0,11.0,1.0,0.0,1.0,5.0,35.0,26.3,12.0,https://www.basketball-reference.com/boxscores/202112310CLE.html,
2022-01-03,2022.0,35.0,23.106,1.0,25.0,-5.0,37.4,0.0,17.0,26.0,0.654,7.0,12.0,0.583,15.0,15.0,1.0,1.0,3.0,4.0,14.0,0.0,0.0,4.0,1.0,56.0,51.6,10.0,https://www.basketball-reference.com/boxscores/202201030POR.html,
2022-01-05,2022.0,36.0,23.108,1.0,26.0,6.0,0.0,0.0,0.0,0.0,0.0,0.0,0.0,0.0,0.0,0.0,0.0,0.0,0.0,0.0,0.0,0.0,0.0,0.0,0.0,0.0,0.0,0.0,https://www.basketball-reference.com/boxscores/202201050SAC.html,
2022-01-07,2022.0,37.0,23.11,1.0,14.0,-16.0,35.917,0.0,8.0,21.0,0.381,1.0,7.0,0.143,8.0,10.0,0.8,0.0,9.0,9.0,14.0,0.0,0.0,9.0,1.0,25.0,15.8,-8.0,https://www.basketball-reference.com/boxscores/202201070LAL.html,
2022-01-09,2022.0,38.0,23.112,1.0,13.0,-13.0,34.417,0.0,8.0,21.0,0.381,1.0,6.0,0.167,2.0,2.0,1.0,1.0,2.0,3.0,7.0,2.0,1.0,3.0,0.0,19.0,13.4,-14.0,https://www.basketball-reference.com/boxscores/202201090LAC.html,
2022-01-12,2022.0,39.0,23.115,1.0,16.0,-24.0,32.183,1.0,4.0,15.0,0.267,1.0,6.0,0.167,6.0,7.0,0.857,0.0,3.0,3.0,5.0,1.0,0.0,4.0,0.0,15.0,7.1,-15.0,https://www.basketball-reference.com/boxscores/202201120ATL.html,
2022-01-14,2022.0,40.0,23.117,1.0,16.0,-6.0,34.7,0.0,7.0,13.0,0.538,3.0,7.0,0.429,7.0,7.0,1.0,0.0,3.0,3.0,9.0,0.0,0.0,4.0,4.0,24.0,19.3,-20.0,https://www.basketball-reference.com/boxscores/202201140MIA.html,
2022-01-15,2022.0,41.0,23.118,1.0,20.0,-9.0,34.35,1.0,11.0,23.0,0.478,4.0,12.0,0.333,3.0,4.0,0.75,0.0,3.0,3.0,5.0,3.0,0.0,4.0,2.0,29.0,19.5,-13.0,https://www.basketball-reference.com/boxscores/202201150ATL.html,
2022-01-17,2022.0,42.0,23.12,1.0,17.0,7.0,39.633,1.0,7.0,17.0,0.412,2.0,6.0,0.333,14.0,14.0,1.0,0.0,4.0,4.0,11.0,1.0,0.0,3.0,1.0,30.0,27.4,16.0,https://www.basketball-reference.com/boxscores/202201170ATL.html,
2022-01-19,2022.0,43.0,23.122,1.0,18.0,12.0,35.817,1.0,10.0,17.0,0.588,6.0,10.0,0.6,11.0,11.0,1.0,0.0,5.0,5.0,14.0,1.0,0.0,5.0,1.0,37.0,36.0,11.0,https://www.basketball-reference.com/boxscores/202201190ATL.html,
2022-01-21,2022.0,44.0,23.124,1.0,16.0,2.0,36.433,1.0,6.0,15.0,0.4,4.0,11.0,0.364,12.0,15.0,0.8,0.0,3.0,3.0,7.0,1.0,0.0,8.0,1.0,28.0,17.1,-2.0,https://www.basketball-reference.com/boxscores/202201210ATL.html,
2022-01-23,2022.0,45.0,23.126,1.0,4.0,22.0,34.6,0.0,9.0,20.0,0.45,8.0,15.0,0.533,4.0,5.0,0.8,0.0,4.0,4.0,4.0,1.0,0.0,2.0,2.0,30.0,21.4,14.0,https://www.basketball-reference.com/boxscores/202201230CHO.html,
2022-01-26,2022.0,46.0,23.129,1.0,26.0,17.0,24.733,1.0,7.0,18.0,0.389,3.0,8.0,0.375,0.0,0.0,0.0,1.0,2.0,3.0,10.0,4.0,0.0,4.0,0.0,17.0,15.5,1.0,https://www.basketball-reference.com/boxscores/202201260ATL.html,
2022-01-28,2022.0,47.0,23.131,1.0,2.0,16.0,31.817,1.0,8.0,25.0,0.32,2.0,9.0,0.222,3.0,3.0,1.0,1.0,8.0,9.0,5.0,2.0,0.0,5.0,3.0,21.0,9.1,11.0,https://www.basketball-reference.com/boxscores/202201280ATL.html,
2022-01-30,2022.0,48.0,23.133,1.0,14.0,8.0,36.85,1.0,12.0,22.0,0.545,4.0,10.0,0.4,8.0,11.0,0.727,0.0,5.0,5.0,12.0,0.0,0.0,6.0,2.0,36.0,27.3,7.0,https://www.basketball-reference.com/boxscores/202201300ATL.html,
2022-01-31,2022.0,49.0,23.134,1.0,28.0,-6.0,0.0,1.0,0.0,0.0,0.0,0.0,0.0,0.0,0.0,0.0,0.0,0.0,0.0,0.0,0.0,0.0,0.0,0.0,0.0,0.0,0.0,0.0,https://www.basketball-reference.com/boxscores/202201310ATL.html,
2022-02-03,2022.0,50.0,23.137,1.0,24.0,9.0,35.833,1.0,16.0,25.0,0.64,6.0,10.0,0.6,5.0,7.0,0.714,0.0,0.0,0.0,5.0,1.0,0.0,4.0,1.0,43.0,31.2,3.0,https://www.basketball-reference.com/boxscores/202202030ATL.html,
2022-02-04,2022.0,51.0,23.138,1.0,28.0,-11.0,35.167,0.0,9.0,20.0,0.45,0.0,4.0,0.0,4.0,4.0,1.0,1.0,5.0,6.0,13.0,0.0,0.0,1.0,0.0,22.0,21.9,-11.0,https://www.basketball-reference.com/boxscores/202202040TOR.html,
2022-02-06,2022.0,52.0,23.14,1.0,7.0,-9.0,37.133,0.0,6.0,19.0,0.316,0.0,6.0,0.0,5.0,5.0,1.0,0.0,2.0,2.0,11.0,0.0,0.0,4.0,2.0,17.0,9.6,-3.0,https://www.basketball-reference.com/boxscores/202202060DAL.html,
2022-02-08,2022.0,53.0,23.142,1.0,12.0,21.0,29.517,1.0,13.0,20.0,0.65,6.0,9.0,0.667,2.0,2.0,1.0,0.0,1.0,1.0,11.0,0.0,1.0,5.0,2.0,34.0,28.1,23.0,https://www.basketball-reference.com/boxscores/202202080ATL.html,
2022-02-11,2022.0,54.0,23.145,1.0,27.0,-15.0,34.517,1.0,6.0,15.0,0.4,2.0,8.0,0.25,4.0,4.0,1.0,1.0,3.0,4.0,11.0,1.0,0.0,5.0,3.0,18.0,14.0,-30.0,https://www.basketball-reference.com/boxscores/202202110ATL.html,
2022-02-13,2022.0,55.0,23.147,1.0,2.0,-10.0,36.8,0.0,9.0,26.0,0.346,4.0,12.0,0.333,8.0,8.0,1.0,3.0,1.0,4.0,10.0,2.0,0.0,4.0,1.0,30.0,22.4,-5.0,https://www.basketball-reference.com/boxscores/202202130BOS.html,
2022-02-15,2022.0,56.0,23.149,1.0,6.0,8.0,35.0,1.0,13.0,22.0,0.591,4.0,7.0,0.571,11.0,13.0,0.846,0.0,3.0,3.0,9.0,1.0,0.0,4.0,0.0,41.0,34.2,5.0,https://www.basketball-reference.com/boxscores/202202150ATL.html,
2022-02-16,2022.0,57.0,23.15,1.0,22.0,21.0,25.433,0.0,5.0,13.0,0.385,4.0,5.0,0.8,8.0,8.0,1.0,0.0,3.0,3.0,6.0,1.0,0.0,1.0,2.0,22.0,19.2,13.0,https://www.basketball-reference.com/boxscores/202202160ORL.html,
2022-02-24,2022.0,58.0,23.158,1.0,5.0,-4.0,37.017,0.0,3.0,17.0,0.176,0.0,5.0,0.0,8.0,11.0,0.727,0.0,3.0,3.0,10.0,0.0,0.0,4.0,0.0,14.0,6.0,2.0,https://www.basketball-reference.com/boxscores/202202240CHI.html,
2022-02-26,2022.0,59.0,23.16,1.0,28.0,27.0,37.467,1.0,17.0,24.0,0.708,1.0,4.0,0.25,6.0,6.0,1.0,1.0,3.0,4.0,11.0,1.0,1.0,4.0,3.0,41.0,36.8,37.0,https://www.basketball-reference.com/boxscores/202202260ATL.html,
2022-03-01,2022.0,60.0,23.163,1.0,2.0,-9.0,37.267,0.0,12.0,25.0,0.48,2.0,7.0,0.286,5.0,6.0,0.833,0.0,2.0,2.0,6.0,0.0,0.0,2.0,1.0,31.0,20.3,-17.0,https://www.basketball-reference.com/boxscores/202203010BOS.html,
2022-03-03,2022.0,61.0,23.165,1.0,5.0,6.0,37.517,1.0,11.0,18.0,0.611,7.0,9.0,0.778,10.0,10.0,1.0,0.0,3.0,3.0,13.0,1.0,0.0,3.0,1.0,39.0,38.4,13.0,https://www.basketball-reference.com/boxscores/202203030ATL.html,
2022-03-04,2022.0,62.0,23.166,1.0,30.0,3.0,34.3,0.0,6.0,22.0,0.273,3.0,11.0,0.273,10.0,11.0,0.909,1.0,3.0,4.0,8.0,0.0,0.0,2.0,3.0,25.0,15.6,-3.0,https://www.basketball-reference.com/boxscores/202203040WAS.html,
2022-03-07,2022.0,63.0,23.169,1.0,9.0,-3.0,38.917,0.0,5.0,20.0,0.25,2.0,7.0,0.286,2.0,4.0,0.5,2.0,2.0,4.0,12.0,0.0,0.0,5.0,2.0,14.0,5.8,-7.0,https://www.basketball-reference.com/boxscores/202203070DET.html,
2022-03-09,2022.0,64.0,23.171,1.0,17.0,-9.0,36.05,0.0,8.0,15.0,0.533,3.0,9.0,0.333,8.0,8.0,1.0,0.0,3.0,3.0,11.0,1.0,1.0,2.0,1.0,27.0,27.6,-6.0,https://www.basketball-reference.com/boxscores/202203090MIL.html,
2022-03-11,2022.0,65.0,23.173,1.0,13.0,6.0,37.3,1.0,8.0,17.0,0.471,1.0,4.0,0.25,10.0,12.0,0.833,1.0,4.0,5.0,11.0,1.0,0.0,4.0,2.0,27.0,23.3,8.0,https://www.basketball-reference.com/boxscores/202203110ATL.html,
2022-03-13,2022.0,66.0,23.175,1.0,12.0,3.0,35.45,1.0,13.0,20.0,0.65,7.0,10.0,0.7,14.0,14.0,1.0,0.0,3.0,3.0,5.0,2.0,0.0,4.0,3.0,47.0,39.4,2.0,https://www.basketball-reference.com/boxscores/202203130ATL.html,
2022-03-14,2022.0,67.0,23.176,1.0,25.0,9.0,38.717,1.0,15.0,31.0,0.484,5.0,14.0,0.357,11.0,11.0,1.0,2.0,4.0,6.0,12.0,1.0,0.0,3.0,1.0,46.0,38.9,10.0,https://www.basketball-reference.com/boxscores/202203140ATL.html,
2022-03-16,2022.0,68.0,23.178,1.0,4.0,-10.0,38.017,0.0,3.0,12.0,0.25,0.0,6.0,0.0,3.0,3.0,1.0,0.0,3.0,3.0,15.0,3.0,0.0,6.0,3.0,9.0,9.0,1.0,https://www.basketball-reference.com/boxscores/202203160CHO.html,
2022-03-18,2022.0,69.0,23.18,1.0,15.0,15.0,0.0,1.0,0.0,0.0,0.0,0.0,0.0,0.0,0.0,0.0,0.0,0.0,0.0,0.0,0.0,0.0,0.0,0.0,0.0,0.0,0.0,0.0,https://www.basketball-reference.com/boxscores/202203180ATL.html,
2022-03-20,2022.0,70.0,23.182,1.0,19.0,-5.0,33.7,1.0,5.0,14.0,0.357,3.0,5.0,0.6,8.0,8.0,1.0,3.0,2.0,5.0,10.0,0.0,0.0,7.0,4.0,21.0,14.3,-19.0,https://www.basketball-reference.com/boxscores/202203200ATL.html,
2022-03-22,2022.0,71.0,23.184,1.0,20.0,6.0,39.567,0.0,13.0,25.0,0.52,7.0,15.0,0.467,12.0,14.0,0.857,0.0,1.0,1.0,8.0,1.0,0.0,4.0,0.0,45.0,34.8,11.0,https://www.basketball-reference.com/boxscores/202203220NYK.html,
2022-03-23,2022.0,72.0,23.185,1.0,9.0,-21.0,33.933,0.0,9.0,18.0,0.5,3.0,9.0,0.333,0.0,0.0,0.0,0.0,2.0,2.0,9.0,2.0,0.0,4.0,0.0,21.0,16.9,-12.0,https://www.basketball-reference.com/boxscores/202203230DET.html,
2022-03-25,2022.0,73.0,23.187,1.0,10.0,11.0,39.1,1.0,12.0,20.0,0.6,4.0,9.0,0.444,5.0,5.0,1.0,1.0,3.0,4.0,15.0,2.0,0.0,3.0,3.0,33.0,33.7,16.0,https://www.basketball-reference.com/boxscores/202203250ATL.html,
2022-03-28,2022.0,74.0,23.19,1.0,12.0,9.0,36.383,0.0,4.0,13.0,0.308,2.0,9.0,0.222,4.0,4.0,1.0,0.0,3.0,3.0,16.0,2.0,0.0,2.0,2.0,14.0,17.8,9.0,https://www.basketball-reference.com/boxscores/202203280IND.html,
2022-03-30,2022.0,75.0,23.192,1.0,21.0,18.0,29.267,0.0,13.0,24.0,0.542,4.0,12.0,0.333,11.0,12.0,0.917,0.0,2.0,2.0,8.0,1.0,0.0,3.0,2.0,41.0,32.4,16.0,https://www.basketball-reference.com/boxscores/202203300OKC.html,
2022-03-31,2022.0,76.0,23.193,1.0,6.0,24.0,28.483,1.0,9.0,17.0,0.529,4.0,9.0,0.444,8.0,8.0,1.0,0.0,2.0,2.0,9.0,0.0,0.0,3.0,1.0,30.0,25.2,19.0,https://www.basketball-reference.com/boxscores/202203310ATL.html,
2022-04-02,2022.0,77.0,23.195,1.0,3.0,7.0,35.217,1.0,10.0,24.0,0.417,4.0,9.0,0.444,12.0,14.0,0.857,1.0,5.0,6.0,10.0,0.0,0.0,3.0,2.0,36.0,27.8,-5.0,https://www.basketball-reference.com/boxscores/202204020ATL.html,
2022-04-05,2022.0,78.0,23.198,1.0,28.0,-10.0,37.45,0.0,10.0,23.0,0.435,3.0,8.0,0.375,3.0,4.0,0.75,1.0,3.0,4.0,15.0,0.0,0.0,3.0,1.0,26.0,22.2,5.0,https://www.basketball-reference.com/boxscores/202204050TOR.html,
2022-04-06,2022.0,79.0,23.199,1.0,30.0,15.0,37.0,1.0,8.0,17.0,0.471,3.0,9.0,0.333,11.0,12.0,0.917,1.0,1.0,2.0,11.0,0.0,0.0,3.0,3.0,30.0,25.4,28.0,https://www.basketball-reference.com/boxscores/202204060ATL.html,
2022-04-08,2022.0,80.0,23.201,1.0,16.0,-4.0,36.033,0.0,12.0,23.0,0.522,3.0,11.0,0.273,8.0,8.0,1.0,1.0,1.0,2.0,8.0,1.0,0.0,7.0,1.0,35.0,23.9,-12.0,https://www.basketball-reference.com/boxscores/202204080MIA.html,
2022-04-10,2022.0,81.0,23.203,1.0,11.0,16.0,34.233,0.0,10.0,20.0,0.5,4.0,7.0,0.571,4.0,4.0,1.0,1.0,4.0,5.0,11.0,0.0,0.0,5.0,4.0,28.0,21.0,8.0,https://www.basketball-reference.com/boxscores/202204100HOU.html,
2022-04-17,2022.0,82.0,23.21,1.0,16.0,-24.0,28.45,0.0,1.0,12.0,0.083,0.0,7.0,0.0,6.0,7.0,0.857,1.0,5.0,6.0,4.0,2.0,0.0,6.0,1.0,8.0,0.2,-22.0,https://www.basketball-reference.com/boxscores/202204170MIA.html,
2022-04-19,2022.0,83.0,23.212,1.0,16.0,-10.0,40.633,0.0,10.0,20.0,0.5,2.0,10.0,0.2,3.0,4.0,0.75,2.0,4.0,6.0,7.0,0.0,0.0,10.0,3.0,25.0,10.9,-11.0,https://www.basketball-reference.com/boxscores/202204190MIA.html,
2022-04-22,2022.0,84.0,23.215,1.0,16.0,1.0,40.4,1.0,6.0,14.0,0.429,2.0,6.0,0.333,10.0,12.0,0.833,0.0,4.0,4.0,8.0,1.0,0.0,3.0,4.0,24.0,19.0,5.0,https://www.basketball-reference.com/boxscores/202204220ATL.html,
2022-04-24,2022.0,85.0,23.217,1.0,16.0,-24.0,35.517,1.0,3.0,11.0,0.273,3.0,10.0,0.3,0.0,1.0,0.0,0.0,1.0,1.0,5.0,0.0,0.0,5.0,3.0,9.0,-0.3,-27.0,https://www.basketball-reference.com/boxscores/202204240ATL.html,
2022-04-26,2022.0,86.0,23.219,1.0,16.0,-3.0,41.483,0.0,2.0,12.0,0.167,0.0,5.0,0.0,7.0,9.0,0.778,2.0,6.0,8.0,6.0,0.0,0.0,7.0,2.0,11.0,2.2,-3.0,https://www.basketball-reference.com/boxscores/202204260MIA.html,
2022-10-19,2023.0,0.0,24.03,1.0,11.0,10.0,37.9,1.0,7.0,22.0,0.318,1.0,9.0,0.111,8.0,8.0,1.0,0.0,3.0,3.0,13.0,1.0,1.0,3.0,1.0,23.0,18.7,16.0,https://www.basketball-reference.com/boxscores/202210190ATL.html,
2022-10-21,2023.0,1.0,24.032,1.0,22.0,10.0,37.367,1.0,7.0,24.0,0.292,4.0,11.0,0.364,7.0,7.0,1.0,2.0,2.0,4.0,13.0,0.0,0.0,6.0,3.0,25.0,14.9,5.0,https://www.basketball-reference.com/boxscores/202210210ATL.html,
2022-10-23,2023.0,2.0,24.034,1.0,4.0,-17.0,33.283,1.0,9.0,25.0,0.36,2.0,8.0,0.25,8.0,9.0,0.889,2.0,3.0,5.0,9.0,0.0,0.0,1.0,4.0,28.0,19.7,-6.0,https://www.basketball-reference.com/boxscores/202210230ATL.html,
2022-10-26,2023.0,3.0,24.037,1.0,9.0,5.0,37.733,0.0,9.0,21.0,0.429,1.0,7.0,0.143,16.0,17.0,0.941,0.0,3.0,3.0,6.0,1.0,0.0,1.0,2.0,35.0,27.8,10.0,https://www.basketball-reference.com/boxscores/202210260DET.html,
2022-10-28,2023.0,4.0,24.039,1.0,9.0,24.0,30.117,0.0,12.0,20.0,0.6,4.0,6.0,0.667,8.0,10.0,0.8,1.0,1.0,2.0,12.0,0.0,0.0,1.0,1.0,36.0,34.0,12.0,https://www.basketball-reference.com/boxscores/202210280DET.html,
2022-10-29,2023.0,5.0,24.04,1.0,17.0,-8.0,36.433,0.0,15.0,32.0,0.469,5.0,10.0,0.5,7.0,7.0,1.0,1.0,5.0,6.0,5.0,0.0,0.0,2.0,1.0,42.0,28.9,-13.0,https://www.basketball-reference.com/boxscores/202210290MIL.html,
2022-10-31,2023.0,6.0,24.042,1.0,28.0,-30.0,32.45,0.0,3.0,13.0,0.231,1.0,5.0,0.2,7.0,8.0,0.875,0.0,0.0,0.0,10.0,1.0,0.0,10.0,0.0,14.0,3.7,-29.0,https://www.basketball-reference.com/boxscores/202210310TOR.html,
2022-11-02,2023.0,7.0,24.044,1.0,20.0,13.0,27.867,0.0,7.0,22.0,0.318,2.0,7.0,0.286,1.0,2.0,0.5,1.0,5.0,6.0,7.0,1.0,0.0,1.0,1.0,17.0,10.7,17.0,https://www.basketball-reference.com/boxscores/202211020NYK.html,
2022-11-05,2023.0,8.0,24.047,1.0,19.0,3.0,42.35,1.0,9.0,26.0,0.346,2.0,9.0,0.222,14.0,15.0,0.933,1.0,0.0,1.0,10.0,2.0,1.0,5.0,3.0,34.0,23.2,-6.0,https://www.basketball-reference.com/boxscores/202211050ATL.html,
2022-11-07,2023.0,9.0,24.049,1.0,17.0,19.0,0.0,1.0,0.0,0.0,0.0,0.0,0.0,0.0,0.0,0.0,0.0,0.0,0.0,0.0,0.0,0.0,0.0,0.0,0.0,0.0,0.0,0.0,https://www.basketball-reference.com/boxscores/202211070ATL.html,
2022-11-09,2023.0,10.0,24.051,1.0,29.0,-6.0,35.75,1.0,10.0,28.0,0.357,2.0,5.0,0.4,0.0,0.0,0.0,1.0,3.0,4.0,9.0,2.0,0.0,2.0,0.0,22.0,14.3,8.0,https://www.basketball-reference.com/boxscores/202211090ATL.html,
2022-11-10,2023.0,11.0,24.052,1.0,23.0,9.0,33.067,1.0,7.0,21.0,0.333,2.0,8.0,0.25,10.0,10.0,1.0,1.0,2.0,3.0,7.0,1.0,0.0,6.0,0.0,26.0,15.3,16.0,https://www.basketball-reference.com/boxscores/202211100ATL.html,
2022-11-12,2023.0,12.0,24.054,1.0,23.0,-12.0,37.75,0.0,8.0,18.0,0.444,2.0,7.0,0.286,9.0,12.0,0.75,1.0,0.0,1.0,11.0,1.0,0.0,7.0,1.0,27.0,18.4,-5.0,https://www.basketball-reference.com/boxscores/202211120PHI.html,
2022-11-14,2023.0,13.0,24.056,1.0,17.0,15.0,33.767,0.0,7.0,19.0,0.368,2.0,5.0,0.4,5.0,5.0,1.0,0.0,3.0,3.0,9.0,1.0,0.0,2.0,0.0,21.0,16.7,10.0,https://www.basketball-reference.com/boxscores/202211140MIL.html,
2022-11-16,2023.0,14.0,24.058,1.0,2.0,-25.0,30.7,1.0,10.0,23.0,0.435,2.0,7.0,0.286,5.0,6.0,0.833,1.0,4.0,5.0,9.0,1.0,0.0,1.0,1.0,27.0,22.3,-10.0,https://www.basketball-reference.com/boxscores/202211160ATL.html,
2022-11-19,2023.0,15.0,24.061,1.0,28.0,2.0,41.733,1.0,12.0,21.0,0.571,2.0,4.0,0.5,7.0,9.0,0.778,1.0,2.0,3.0,12.0,1.0,1.0,2.0,3.0,33.0,30.5,11.0,https://www.basketball-reference.com/boxscores/202211190ATL.html,
2022-11-21,2023.0,16.0,24.063,1.0,6.0,-12.0,35.45,0.0,10.0,22.0,0.455,1.0,7.0,0.143,4.0,6.0,0.667,0.0,2.0,2.0,10.0,1.0,0.0,6.0,1.0,25.0,15.0,-19.0,https://www.basketball-reference.com/boxscores/202211210CLE.html,
2022-11-23,2023.0,17.0,24.065,1.0,26.0,9.0,34.617,1.0,11.0,19.0,0.579,4.0,7.0,0.571,9.0,9.0,1.0,0.0,1.0,1.0,7.0,0.0,0.0,4.0,2.0,35.0,26.5,13.0,https://www.basketball-reference.com/boxscores/202211230ATL.html,
2022-11-25,2023.0,18.0,24.067,1.0,11.0,-6.0,37.567,0.0,13.0,28.0,0.464,4.0,10.0,0.4,14.0,16.0,0.875,0.0,0.0,0.0,5.0,1.0,0.0,4.0,4.0,44.0,27.7,-6.0,https://www.basketball-reference.com/boxscores/202211250HOU.html,
2022-11-27,2023.0,19.0,24.069,1.0,16.0,-8.0,38.417,1.0,4.0,16.0,0.25,1.0,8.0,0.125,13.0,13.0,1.0,3.0,2.0,5.0,14.0,1.0,0.0,3.0,1.0,22.0,22.5,2.0,https://www.basketball-reference.com/boxscores/202211270ATL.html,
2022-11-28,2023.0,20.0,24.07,1.0,23.0,-3.0,34.067,0.0,6.0,14.0,0.429,1.0,4.0,0.25,5.0,5.0,1.0,1.0,1.0,2.0,10.0,0.0,0.0,3.0,0.0,18.0,15.6,-7.0,https://www.basketball-reference.com/boxscores/202211280PHI.html,
2022-11-30,2023.0,21.0,24.072,1.0,22.0,17.0,36.217,0.0,12.0,23.0,0.522,2.0,11.0,0.182,4.0,5.0,0.8,0.0,2.0,2.0,14.0,0.0,0.0,2.0,0.0,30.0,26.7,24.0,https://www.basketball-reference.com/boxscores/202211300ORL.html,
2022-12-02,2023.0,22.0,24.074,1.0,8.0,8.0,0.0,1.0,0.0,0.0,0.0,0.0,0.0,0.0,0.0,0.0,0.0,0.0,0.0,0.0,0.0,0.0,0.0,0.0,0.0,0.0,0.0,0.0,https://www.basketball-reference.com/boxscores/202212020ATL.html,
2022-12-05,2023.0,23.0,24.077,1.0,21.0,-7.0,36.667,1.0,6.0,19.0,0.316,1.0,7.0,0.143,10.0,11.0,0.909,0.0,3.0,3.0,10.0,0.0,0.0,4.0,1.0,23.0,15.2,-11.0,https://www.basketball-reference.com/boxscores/202212050ATL.html,
2022-12-07,2023.0,24.0,24.079,1.0,20.0,-24.0,30.05,0.0,9.0,20.0,0.45,0.0,4.0,0.0,1.0,2.0,0.5,1.0,3.0,4.0,6.0,0.0,0.0,4.0,0.0,19.0,10.0,-26.0,https://www.basketball-reference.com/boxscores/202212070NYK.html,
2022-12-09,2023.0,25.0,24.081,1.0,3.0,-4.0,37.333,0.0,12.0,25.0,0.48,2.0,7.0,0.286,7.0,7.0,1.0,0.0,0.0,0.0,9.0,3.0,1.0,8.0,2.0,33.0,21.5,-6.0,https://www.basketball-reference.com/boxscores/202212090BRK.html,
2022-12-11,2023.0,26.0,24.083,1.0,5.0,1.0,42.45,1.0,5.0,18.0,0.278,2.0,8.0,0.25,7.0,9.0,0.778,0.0,2.0,2.0,14.0,0.0,0.0,6.0,4.0,19.0,10.4,7.0,https://www.basketball-reference.com/boxscores/202212110ATL.html,
2022-12-12,2023.0,27.0,24.084,1.0,15.0,-25.0,0.0,0.0,0.0,0.0,0.0,0.0,0.0,0.0,0.0,0.0,0.0,0.0,0.0,0.0,0.0,0.0,0.0,0.0,0.0,0.0,0.0,0.0,https://www.basketball-reference.com/boxscores/202212120MEM.html,
2022-12-14,2023.0,28.0,24.086,1.0,22.0,-11.0,38.733,0.0,6.0,15.0,0.4,1.0,5.0,0.2,6.0,7.0,0.857,1.0,2.0,3.0,16.0,0.0,0.0,5.0,3.0,19.0,16.8,-17.0,https://www.basketball-reference.com/boxscores/202212140ORL.html,
2022-12-16,2023.0,29.0,24.088,1.0,4.0,19.0,33.65,0.0,8.0,18.0,0.444,2.0,5.0,0.4,13.0,14.0,0.929,0.0,1.0,1.0,9.0,1.0,0.0,4.0,1.0,31.0,24.4,3.0,https://www.basketball-reference.com/boxscores/202212160CHO.html,
2022-12-19,2023.0,30.0,24.091,1.0,22.0,1.0,36.283,1.0,11.0,22.0,0.5,3.0,7.0,0.429,12.0,12.0,1.0,1.0,2.0,3.0,13.0,0.0,0.0,4.0,1.0,37.0,32.0,4.0,https://www.basketball-reference.com/boxscores/202212190ATL.html,
2022-12-21,2023.0,31.0,24.093,1.0,5.0,-2.0,38.1,1.0,9.0,24.0,0.375,7.0,14.0,0.5,9.0,9.0,1.0,2.0,4.0,6.0,6.0,1.0,0.0,5.0,1.0,34.0,23.2,2.0,https://www.basketball-reference.com/boxscores/202212210ATL.html,
2022-12-23,2023.0,32.0,24.095,1.0,9.0,25.0,31.083,1.0,9.0,15.0,0.6,3.0,7.0,0.429,5.0,8.0,0.625,0.0,2.0,2.0,13.0,2.0,0.0,1.0,0.0,26.0,28.6,17.0,https://www.basketball-reference.com/boxscores/202212230ATL.html,
2022-12-27,2023.0,33.0,24.099,1.0,12.0,-15.0,34.1,0.0,5.0,15.0,0.333,3.0,6.0,0.5,9.0,10.0,0.9,0.0,3.0,3.0,10.0,0.0,1.0,4.0,1.0,22.0,17.3,-15.0,https://www.basketball-reference.com/boxscores/202212270IND.html,
2022-12-28,2023.0,34.0,24.1,1.0,3.0,-1.0,0.0,1.0,0.0,0.0,0.0,0.0,0.0,0.0,0.0,0.0,0.0,0.0,0.0,0.0,0.0,0.0,0.0,0.0,0.0,0.0,0.0,0.0,https://www.basketball-reference.com/boxscores/202212280ATL.html,
2022-12-30,2023.0,35.0,24.102,1.0,14.0,-9.0,36.15,1.0,11.0,24.0,0.458,0.0,4.0,0.0,7.0,9.0,0.778,2.0,1.0,3.0,8.0,1.0,0.0,4.0,4.0,29.0,18.5,-9.0,https://www.basketball-reference.com/boxscores/202212300ATL.html,
2023-01-02,2023.0,36.0,24.105,1.0,10.0,-2.0,43.517,0.0,8.0,22.0,0.364,3.0,10.0,0.3,11.0,13.0,0.846,1.0,6.0,7.0,14.0,1.0,0.0,4.0,2.0,30.0,25.5,-8.0,https://www.basketball-reference.com/boxscores/202301020GSW.html,
2023-01-04,2023.0,37.0,24.107,1.0,26.0,3.0,31.817,0.0,7.0,12.0,0.583,1.0,2.0,0.5,6.0,7.0,0.857,0.0,0.0,0.0,6.0,1.0,0.0,5.0,2.0,21.0,14.4,6.0,https://www.basketball-reference.com/boxscores/202301040SAC.html,
2023-01-06,2023.0,38.0,24.109,1.0,14.0,-16.0,34.217,0.0,12.0,24.0,0.5,2.0,8.0,0.25,6.0,7.0,0.857,1.0,4.0,5.0,9.0,3.0,0.0,6.0,2.0,32.0,24.0,2.0,https://www.basketball-reference.com/boxscores/202301060LAL.html,
2023-01-08,2023.0,39.0,24.111,1.0,13.0,4.0,34.5,0.0,9.0,17.0,0.529,3.0,6.0,0.5,9.0,9.0,1.0,0.0,2.0,2.0,8.0,1.0,0.0,4.0,3.0,30.0,23.7,11.0,https://www.basketball-reference.com/boxscores/202301080LAC.html,
2023-01-11,2023.0,40.0,24.114,1.0,17.0,-9.0,0.0,1.0,0.0,0.0,0.0,0.0,0.0,0.0,0.0,0.0,0.0,0.0,0.0,0.0,0.0,0.0,0.0,0.0,0.0,0.0,0.0,0.0,https://www.basketball-reference.com/boxscores/202301110ATL.html,
2023-01-13,2023.0,41.0,24.116,1.0,12.0,2.0,36.9,0.0,6.0,16.0,0.375,6.0,10.0,0.6,8.0,9.0,0.889,0.0,2.0,2.0,11.0,0.0,0.0,2.0,0.0,26.0,23.1,20.0,https://www.basketball-reference.com/boxscores/202301130IND.html,
2023-01-14,2023.0,42.0,24.117,1.0,28.0,11.0,37.717,0.0,9.0,17.0,0.529,2.0,5.0,0.4,9.0,9.0,1.0,0.0,0.0,0.0,9.0,2.0,1.0,3.0,2.0,29.0,25.9,15.0,https://www.basketball-reference.com/boxscores/202301140TOR.html,
2023-01-16,2023.0,43.0,24.119,1.0,16.0,8.0,35.983,1.0,6.0,13.0,0.462,3.0,6.0,0.5,9.0,11.0,0.818,0.0,3.0,3.0,8.0,4.0,0.0,10.0,4.0,24.0,15.4,1.0,https://www.basketball-reference.com/boxscores/202301160ATL.html,
2023-01-18,2023.0,44.0,24.121,1.0,7.0,8.0,34.867,0.0,5.0,11.0,0.455,0.0,1.0,0.0,8.0,8.0,1.0,0.0,4.0,4.0,12.0,3.0,0.0,4.0,0.0,18.0,20.9,0.0,https://www.basketball-reference.com/boxscores/202301180DAL.html,
2023-01-20,2023.0,45.0,24.123,1.0,20.0,15.0,32.517,1.0,9.0,21.0,0.429,1.0,7.0,0.143,8.0,8.0,1.0,1.0,0.0,1.0,6.0,1.0,0.0,4.0,1.0,27.0,17.4,11.0,https://www.basketball-reference.com/boxscores/202301200ATL.html,
2023-01-21,2023.0,46.0,24.124,1.0,4.0,-4.0,37.633,1.0,9.0,22.0,0.409,0.0,4.0,0.0,7.0,9.0,0.778,0.0,5.0,5.0,12.0,0.0,0.0,6.0,2.0,25.0,15.5,8.0,https://www.basketball-reference.com/boxscores/202301210ATL.html,
2023-01-23,2023.0,47.0,24.126,1.0,5.0,-11.0,37.583,0.0,7.0,16.0,0.438,0.0,5.0,0.0,7.0,10.0,0.7,1.0,2.0,3.0,13.0,0.0,0.0,6.0,1.0,21.0,15.4,6.0,https://www.basketball-reference.com/boxscores/202301230CHI.html,
2023-01-25,2023.0,48.0,24.128,1.0,21.0,5.0,34.667,0.0,10.0,20.0,0.5,3.0,6.0,0.5,10.0,11.0,0.909,0.0,3.0,3.0,11.0,0.0,0.0,5.0,0.0,33.0,26.2,-11.0,https://www.basketball-reference.com/boxscores/202301250OKC.html,
2023-01-28,2023.0,49.0,24.131,1.0,13.0,-7.0,36.033,1.0,10.0,21.0,0.476,0.0,2.0,0.0,11.0,14.0,0.786,2.0,3.0,5.0,10.0,1.0,0.0,5.0,2.0,31.0,23.6,0.0,https://www.basketball-reference.com/boxscores/202301280ATL.html,
2023-01-30,2023.0,50.0,24.133,1.0,25.0,-4.0,0.0,0.0,0.0,0.0,0.0,0.0,0.0,0.0,0.0,0.0,0.0,0.0,0.0,0.0,0.0,0.0,0.0,0.0,0.0,0.0,0.0,0.0,https://www.basketball-reference.com/boxscores/202301300POR.html,
2023-02-01,2023.0,51.0,24.135,1.0,24.0,32.0,27.167,0.0,8.0,17.0,0.471,3.0,3.0,1.0,1.0,1.0,1.0,0.0,1.0,1.0,12.0,1.0,0.0,4.0,1.0,20.0,16.6,21.0,https://www.basketball-reference.com/boxscores/202302010PHO.html,
2023-02-03,2023.0,52.0,24.137,1.0,29.0,7.0,34.2,0.0,10.0,19.0,0.526,2.0,8.0,0.25,5.0,7.0,0.714,2.0,2.0,4.0,6.0,2.0,1.0,2.0,2.0,27.0,23.0,4.0,https://www.basketball-reference.com/boxscores/202302030UTA.html,
2023-02-04,2023.0,53.0,24.138,1.0,8.0,-20.0,0.0,0.0,0.0,0.0,0.0,0.0,0.0,0.0,0.0,0.0,0.0,0.0,0.0,0.0,0.0,0.0,0.0,0.0,0.0,0.0,0.0,0.0,https://www.basketball-reference.com/boxscores/202302040DEN.html,
2023-02-07,2023.0,54.0,24.141,1.0,19.0,-9.0,35.667,0.0,4.0,14.0,0.286,2.0,8.0,0.25,6.0,6.0,1.0,1.0,2.0,3.0,16.0,1.0,0.0,4.0,4.0,16.0,15.7,-13.0,https://www.basketball-reference.com/boxscores/202302070NOP.html,
2023-02-09,2023.0,55.0,24.143,1.0,24.0,9.0,38.233,1.0,10.0,18.0,0.556,5.0,8.0,0.625,11.0,12.0,0.917,3.0,4.0,7.0,12.0,2.0,0.0,9.0,2.0,36.0,30.9,15.0,https://www.basketball-reference.com/boxscores/202302090ATL.html,
2023-02-11,2023.0,56.0,24.145,1.0,27.0,19.0,32.617,1.0,9.0,19.0,0.474,2.0,5.0,0.4,4.0,4.0,1.0,1.0,3.0,4.0,17.0,1.0,1.0,5.0,0.0,24.0,24.5,24.0,https://www.basketball-reference.com/boxscores/202302110ATL.html,
2023-02-13,2023.0,57.0,24.147,1.0,4.0,-6.0,34.783,0.0,7.0,18.0,0.389,2.0,7.0,0.286,9.0,9.0,1.0,1.0,1.0,2.0,14.0,2.0,0.0,5.0,1.0,25.0,22.6,-1.0,https://www.basketball-reference.com/boxscores/202302130CHO.html,
2023-02-15,2023.0,58.0,24.149,1.0,20.0,-21.0,31.5,1.0,4.0,14.0,0.286,1.0,6.0,0.167,10.0,13.0,0.769,0.0,1.0,1.0,11.0,4.0,0.0,1.0,0.0,19.0,20.6,-13.0,https://www.basketball-reference.com/boxscores/202302150ATL.html,
2023-02-24,2023.0,59.0,24.158,1.0,6.0,17.0,32.333,1.0,8.0,18.0,0.444,4.0,7.0,0.571,14.0,15.0,0.933,0.0,3.0,3.0,9.0,1.0,0.0,2.0,3.0,34.0,29.2,16.0,https://www.basketball-reference.com/boxscores/202302240ATL.html,
2023-02-26,2023.0,60.0,24.16,1.0,3.0,2.0,33.8,1.0,12.0,26.0,0.462,1.0,5.0,0.2,9.0,9.0,1.0,1.0,2.0,3.0,8.0,2.0,0.0,4.0,2.0,34.0,24.7,-9.0,https://www.basketball-reference.com/boxscores/202302260ATL.html,
2023-02-28,2023.0,61.0,24.162,1.0,30.0,-3.0,34.167,1.0,11.0,26.0,0.423,2.0,6.0,0.333,7.0,8.0,0.875,1.0,1.0,2.0,7.0,0.0,1.0,4.0,2.0,31.0,18.6,-8.0,https://www.basketball-reference.com/boxscores/202302280ATL.html,
2023-03-03,2023.0,62.0,24.165,1.0,25.0,18.0,29.2,1.0,6.0,14.0,0.429,3.0,5.0,0.6,8.0,8.0,1.0,2.0,5.0,7.0,11.0,2.0,0.0,4.0,0.0,23.0,24.2,25.0,https://www.basketball-reference.com/boxscores/202303030ATL.html,
2023-03-04,2023.0,63.0,24.166,1.0,16.0,-8.0,32.283,0.0,2.0,13.0,0.154,0.0,5.0,0.0,4.0,5.0,0.8,1.0,3.0,4.0,10.0,5.0,0.0,5.0,1.0,8.0,7.5,-1.0,https://www.basketball-reference.com/boxscores/202303040MIA.html,
2023-03-06,2023.0,64.0,24.168,1.0,16.0,-2.0,33.75,0.0,9.0,17.0,0.529,1.0,5.0,0.2,6.0,8.0,0.75,1.0,0.0,1.0,7.0,1.0,0.0,3.0,0.0,25.0,19.5,7.0,https://www.basketball-reference.com/boxscores/202303060MIA.html,
2023-03-08,2023.0,65.0,24.17,1.0,30.0,2.0,32.667,0.0,11.0,14.0,0.786,3.0,4.0,0.75,3.0,4.0,0.75,1.0,3.0,4.0,10.0,3.0,0.0,5.0,2.0,28.0,28.0,0.0,https://www.basketball-reference.com/boxscores/202303080WAS.html,
2023-03-10,2023.0,66.0,24.172,1.0,30.0,7.0,32.85,0.0,9.0,19.0,0.474,6.0,10.0,0.6,4.0,4.0,1.0,0.0,2.0,2.0,9.0,2.0,0.0,3.0,2.0,28.0,23.4,4.0,https://www.basketball-reference.com/boxscores/202303100WAS.html,
2023-03-11,2023.0,67.0,24.173,1.0,2.0,-9.0,33.65,1.0,12.0,27.0,0.444,4.0,11.0,0.364,7.0,7.0,1.0,1.0,2.0,3.0,13.0,0.0,0.0,3.0,2.0,35.0,27.5,-10.0,https://www.basketball-reference.com/boxscores/202303110ATL.html,
2023-03-13,2023.0,68.0,24.175,1.0,18.0,-21.0,33.9,1.0,15.0,25.0,0.6,1.0,4.0,0.25,10.0,10.0,1.0,3.0,3.0,6.0,7.0,1.0,0.0,4.0,1.0,41.0,34.0,-4.0,https://www.basketball-reference.com/boxscores/202303130ATL.html,
2023-03-17,2023.0,69.0,24.179,1.0,10.0,8.0,32.3,1.0,8.0,18.0,0.444,3.0,6.0,0.5,6.0,7.0,0.857,1.0,5.0,6.0,12.0,1.0,0.0,4.0,1.0,25.0,22.4,13.0,https://www.basketball-reference.com/boxscores/202303170ATL.html,
2023-03-19,2023.0,70.0,24.181,1.0,27.0,-8.0,29.317,0.0,4.0,15.0,0.267,1.0,4.0,0.25,0.0,2.0,0.0,2.0,2.0,4.0,6.0,0.0,0.0,5.0,0.0,9.0,0.5,-14.0,https://www.basketball-reference.com/boxscores/202303190SAS.html,
2023-03-21,2023.0,71.0,24.183,1.0,9.0,22.0,30.317,1.0,7.0,19.0,0.368,3.0,9.0,0.333,13.0,15.0,0.867,2.0,1.0,3.0,12.0,0.0,0.0,3.0,4.0,30.0,24.2,28.0,https://www.basketball-reference.com/boxscores/202303210ATL.html,
2023-03-22,2023.0,72.0,24.184,1.0,18.0,-1.0,32.067,0.0,6.0,16.0,0.375,3.0,4.0,0.75,14.0,16.0,0.875,0.0,2.0,2.0,8.0,1.0,0.0,6.0,1.0,29.0,20.2,-13.0,https://www.basketball-reference.com/boxscores/202303220MIN.html,
2023-03-25,2023.0,73.0,24.187,1.0,12.0,13.0,20.8,1.0,6.0,11.0,0.545,0.0,1.0,0.0,2.0,2.0,1.0,1.0,2.0,3.0,5.0,1.0,0.0,3.0,1.0,14.0,11.1,-8.0,https://www.basketball-reference.com/boxscores/202303250ATL.html,
2023-03-26,2023.0,74.0,24.188,1.0,15.0,-4.0,34.917,1.0,7.0,14.0,0.5,3.0,5.0,0.6,11.0,12.0,0.917,0.0,2.0,2.0,10.0,0.0,0.0,4.0,1.0,28.0,23.8,-5.0,https://www.basketball-reference.com/boxscores/202303260ATL.html,
2023-03-28,2023.0,75.0,24.19,1.0,6.0,2.0,36.233,1.0,4.0,15.0,0.267,2.0,3.0,0.667,6.0,9.0,0.667,1.0,0.0,1.0,10.0,1.0,0.0,6.0,0.0,16.0,8.6,-9.0,https://www.basketball-reference.com/boxscores/202303280ATL.html,
2023-03-31,2023.0,76.0,24.193,1.0,3.0,-17.0,32.283,0.0,3.0,12.0,0.25,0.0,5.0,0.0,4.0,4.0,1.0,0.0,0.0,0.0,6.0,0.0,0.0,2.0,0.0,10.0,5.0,-33.0,https://www.basketball-reference.com/boxscores/202303310BRK.html,
2023-04-02,2023.0,77.0,24.195,1.0,7.0,2.0,41.417,1.0,8.0,24.0,0.333,0.0,5.0,0.0,8.0,8.0,1.0,0.0,3.0,3.0,12.0,1.0,0.0,2.0,1.0,24.0,18.3,8.0,https://www.basketball-reference.com/boxscores/202304020ATL.html,
2023-04-04,2023.0,78.0,24.197,1.0,5.0,18.0,0.0,0.0,0.0,0.0,0.0,0.0,0.0,0.0,0.0,0.0,0.0,0.0,0.0,0.0,0.0,0.0,0.0,0.0,0.0,0.0,0.0,0.0,https://www.basketball-reference.com/boxscores/202304040CHI.html,
2023-04-05,2023.0,79.0,24.198,1.0,30.0,18.0,38.533,1.0,4.0,10.0,0.4,1.0,4.0,0.25,16.0,18.0,0.889,0.0,2.0,2.0,16.0,0.0,0.0,4.0,2.0,25.0,25.8,13.0,https://www.basketball-reference.com/boxscores/202304050ATL.html,
2023-04-07,2023.0,80.0,24.2,1.0,23.0,-5.0,42.7,1.0,7.0,14.0,0.5,1.0,6.0,0.167,12.0,14.0,0.857,0.0,3.0,3.0,20.0,4.0,0.0,9.0,0.0,27.0,29.1,10.0,https://www.basketball-reference.com/boxscores/202304070ATL.html,
2023-04-09,2023.0,81.0,24.202,1.0,2.0,-6.0,0.0,0.0,0.0,0.0,0.0,0.0,0.0,0.0,0.0,0.0,0.0,0.0,0.0,0.0,0.0,0.0,0.0,0.0,0.0,0.0,0.0,0.0,https://www.basketball-reference.com/boxscores/202304090BOS.html,
2023-04-15,2023.0,82.0,24.208,1.0,2.0,-13.0,34.75,0.0,5.0,18.0,0.278,1.0,5.0,0.2,5.0,7.0,0.714,2.0,1.0,3.0,8.0,2.0,0.0,5.0,1.0,16.0,8.5,-14.0,https://www.basketball-reference.com/boxscores/202304150BOS.html,
2023-04-18,2023.0,83.0,24.211,1.0,2.0,-13.0,33.833,0.0,9.0,22.0,0.409,2.0,8.0,0.25,4.0,6.0,0.667,2.0,1.0,3.0,6.0,2.0,0.0,5.0,0.0,24.0,14.3,-18.0,https://www.basketball-reference.com/boxscores/202304180BOS.html,
2023-04-21,2023.0,84.0,24.214,1.0,2.0,8.0,36.517,1.0,12.0,22.0,0.545,2.0,6.0,0.333,6.0,6.0,1.0,1.0,5.0,6.0,9.0,1.0,2.0,4.0,1.0,32.0,27.9,1.0,https://www.basketball-reference.com/boxscores/202304210ATL.html,
2023-04-23,2023.0,85.0,24.216,1.0,2.0,-8.0,40.55,1.0,11.0,26.0,0.423,4.0,10.0,0.4,9.0,11.0,0.818,0.0,3.0,3.0,15.0,2.0,0.0,1.0,2.0,35.0,32.0,0.0,https://www.basketball-reference.com/boxscores/202304230ATL.html,
2023-04-25,2023.0,86.0,24.218,1.0,2.0,2.0,44.117,0.0,14.0,33.0,0.424,5.0,13.0,0.385,5.0,5.0,1.0,0.0,4.0,4.0,13.0,2.0,0.0,4.0,4.0,38.0,27.2,5.0,https://www.basketball-reference.com/boxscores/202304250BOS.html,
2023-04-27,2023.0,87.0,24.22,1.0,2.0,-8.0,40.317,1.0,9.0,28.0,0.321,4.0,12.0,0.333,8.0,8.0,1.0,0.0,3.0,3.0,10.0,1.0,2.0,5.0,3.0,30.0,18.1,-11.0,https://www.basketball-reference.com/boxscores/202304270ATL.html,
2023-10-25,2024.0,0.0,25.036,1.0,4.0,-6.0,36.017,0.0,4.0,19.0,0.211,1.0,9.0,0.111,14.0,15.0,0.933,0.0,1.0,1.0,9.0,1.0,0.0,5.0,3.0,23.0,12.3,-11.0,https://www.basketball-reference.com/boxscores/202310250CHO.html,
2023-10-27,2024.0,1.0,25.038,1.0,20.0,-6.0,35.3,1.0,4.0,16.0,0.25,2.0,5.0,0.4,8.0,10.0,0.8,1.0,2.0,3.0,12.0,3.0,0.0,6.0,2.0,18.0,13.5,-5.0,https://www.basketball-reference.com/boxscores/202310270ATL.html,
2023-10-29,2024.0,2.0,25.04,1.0,17.0,17.0,32.033,0.0,5.0,14.0,0.357,3.0,8.0,0.375,7.0,9.0,0.778,0.0,3.0,3.0,11.0,1.0,0.0,3.0,1.0,20.0,17.6,13.0,https://www.basketball-reference.com/boxscores/202310290MIL.html,
2023-10-30,2024.0,3.0,25.041,1.0,18.0,14.0,35.0,1.0,9.0,22.0,0.409,1.0,7.0,0.143,5.0,5.0,1.0,0.0,1.0,1.0,8.0,1.0,0.0,1.0,1.0,24.0,17.7,4.0,https://www.basketball-reference.com/boxscores/202310300ATL.html,
2023-11-01,2024.0,4.0,25.043,1.0,30.0,9.0,35.267,1.0,7.0,18.0,0.389,1.0,3.0,0.333,8.0,9.0,0.889,0.0,3.0,3.0,10.0,2.0,0.0,3.0,1.0,23.0,19.3,4.0,https://www.basketball-reference.com/boxscores/202311010ATL.html,
2023-11-04,2024.0,5.0,25.046,1.0,19.0,18.0,38.733,0.0,7.0,15.0,0.467,3.0,7.0,0.429,5.0,6.0,0.833,3.0,2.0,5.0,12.0,1.0,0.0,5.0,3.0,22.0,19.8,18.0,https://www.basketball-reference.com/boxscores/202311040NOP.html,
2023-11-06,2024.0,6.0,25.048,1.0,21.0,-9.0,36.417,0.0,5.0,18.0,0.278,1.0,5.0,0.2,11.0,11.0,1.0,1.0,3.0,4.0,11.0,1.0,0.0,7.0,1.0,22.0,14.3,-18.0,https://www.basketball-reference.com/boxscores/202311060OKC.html,
2023-11-09,2024.0,7.0,25.051,1.0,22.0,1.0,34.3,0.0,12.0,27.0,0.444,5.0,15.0,0.333,12.0,13.0,0.923,2.0,2.0,4.0,8.0,3.0,0.0,3.0,1.0,41.0,33.7,1.0,https://www.basketball-reference.com/boxscores/202311090ORL.html,
2023-11-11,2024.0,8.0,25.053,1.0,16.0,-8.0,38.45,1.0,7.0,19.0,0.368,3.0,9.0,0.333,10.0,11.0,0.909,0.0,2.0,2.0,11.0,1.0,0.0,5.0,0.0,27.0,20.4,4.0,https://www.basketball-reference.com/boxscores/202311110ATL.html,
2023-11-14,2024.0,9.0,25.056,1.0,9.0,6.0,0.0,0.0,0.0,0.0,0.0,0.0,0.0,0.0,0.0,0.0,0.0,0.0,0.0,0.0,0.0,0.0,0.0,0.0,0.0,0.0,0.0,0.0,https://www.basketball-reference.com/boxscores/202311140DET.html,
2023-11-15,2024.0,10.0,25.057,1.0,20.0,-2.0,34.467,1.0,4.0,12.0,0.333,0.0,4.0,0.0,7.0,9.0,0.778,0.0,1.0,1.0,17.0,2.0,0.0,3.0,0.0,15.0,18.6,1.0,https://www.basketball-reference.com/boxscores/202311150ATL.html,
2023-11-17,2024.0,11.0,25.059,1.0,23.0,-10.0,36.967,1.0,5.0,14.0,0.357,2.0,6.0,0.333,10.0,10.0,1.0,0.0,2.0,2.0,13.0,1.0,0.0,4.0,3.0,22.0,19.7,12.0,https://www.basketball-reference.com/boxscores/202311170ATL.html,
2023-11-21,2024.0,12.0,25.063,1.0,12.0,-5.0,38.817,1.0,13.0,17.0,0.765,5.0,8.0,0.625,7.0,8.0,0.875,0.0,1.0,1.0,8.0,3.0,0.0,3.0,3.0,38.0,35.6,-2.0,https://www.basketball-reference.com/boxscores/202311210ATL.html,
2023-11-22,2024.0,13.0,25.064,1.0,3.0,2.0,39.967,1.0,12.0,31.0,0.387,8.0,16.0,0.5,11.0,13.0,0.846,2.0,2.0,4.0,9.0,2.0,0.0,4.0,0.0,43.0,31.6,-11.0,https://www.basketball-reference.com/boxscores/202311220ATL.html,
2023-11-25,2024.0,14.0,25.067,1.0,30.0,28.0,30.367,0.0,9.0,17.0,0.529,5.0,8.0,0.625,3.0,3.0,1.0,0.0,6.0,6.0,10.0,2.0,0.0,2.0,1.0,26.0,26.1,40.0,https://www.basketball-reference.com/boxscores/202311250WAS.html,
2023-11-26,2024.0,15.0,25.068,1.0,2.0,-10.0,37.267,0.0,12.0,27.0,0.444,6.0,16.0,0.375,3.0,6.0,0.5,1.0,4.0,5.0,7.0,0.0,0.0,5.0,3.0,33.0,18.3,-11.0,https://www.basketball-reference.com/boxscores/202311260BOS.html,
2023-11-28,2024.0,16.0,25.07,1.0,6.0,-23.0,32.267,0.0,3.0,14.0,0.214,2.0,8.0,0.25,5.0,6.0,0.833,0.0,1.0,1.0,10.0,1.0,0.0,3.0,3.0,13.0,8.1,-27.0,https://www.basketball-reference.com/boxscores/202311280CLE.html,
2023-11-30,2024.0,17.0,25.072,1.0,27.0,2.0,39.95,0.0,15.0,29.0,0.517,2.0,9.0,0.222,13.0,16.0,0.813,0.0,4.0,4.0,14.0,2.0,0.0,2.0,1.0,45.0,40.1,-1.0,https://www.basketball-reference.com/boxscores/202311300SAS.html,
2023-12-02,2024.0,18.0,25.074,1.0,17.0,-11.0,36.733,0.0,13.0,28.0,0.464,5.0,13.0,0.385,1.0,2.0,0.5,2.0,0.0,2.0,12.0,2.0,0.0,4.0,0.0,32.0,25.0,-8.0,https://www.basketball-reference.com/boxscores/202312020MIL.html,
2023-12-06,2024.0,19.0,25.078,1.0,3.0,-1.0,37.233,1.0,11.0,24.0,0.458,3.0,9.0,0.333,5.0,5.0,1.0,1.0,0.0,1.0,9.0,0.0,2.0,5.0,2.0,30.0,20.2,3.0,https://www.basketball-reference.com/boxscores/202312060ATL.html,
2023-12-08,2024.0,20.0,25.08,1.0,23.0,-11.0,0.0,0.0,0.0,0.0,0.0,0.0,0.0,0.0,0.0,0.0,0.0,0.0,0.0,0.0,0.0,0.0,0.0,0.0,0.0,0.0,0.0,0.0,https://www.basketball-reference.com/boxscores/202312080PHI.html,
2023-12-11,2024.0,21.0,25.083,1.0,8.0,-7.0,26.333,1.0,5.0,12.0,0.417,2.0,5.0,0.4,7.0,7.0,1.0,0.0,1.0,1.0,9.0,1.0,0.0,5.0,2.0,19.0,14.4,-10.0,https://www.basketball-reference.com/boxscores/202312110ATL.html,
2023-12-13,2024.0,22.0,25.085,1.0,28.0,-7.0,39.233,0.0,13.0,27.0,0.481,4.0,9.0,0.444,5.0,6.0,0.833,0.0,4.0,4.0,17.0,0.0,1.0,5.0,3.0,35.0,28.5,0.0,https://www.basketball-reference.com/boxscores/202312130TOR.html,
2023-12-15,2024.0,23.0,25.087,1.0,28.0,21.0,35.967,0.0,15.0,29.0,0.517,7.0,15.0,0.467,1.0,2.0,0.5,1.0,4.0,5.0,11.0,1.0,0.0,8.0,2.0,38.0,25.1,14.0,https://www.basketball-reference.com/boxscores/202312150TOR.html,
2023-12-16,2024.0,24.0,25.088,1.0,6.0,-8.0,38.317,0.0,11.0,21.0,0.524,7.0,12.0,0.583,6.0,6.0,1.0,0.0,4.0,4.0,10.0,0.0,1.0,5.0,3.0,35.0,27.4,-9.0,https://www.basketball-reference.com/boxscores/202312160CLE.html,
2023-12-18,2024.0,25.0,25.09,1.0,9.0,6.0,37.95,1.0,8.0,17.0,0.471,4.0,11.0,0.364,11.0,12.0,0.917,0.0,4.0,4.0,15.0,0.0,0.0,5.0,3.0,31.0,27.4,16.0,https://www.basketball-reference.com/boxscores/202312180ATL.html,
2023-12-20,2024.0,26.0,25.092,1.0,11.0,7.0,36.467,0.0,10.0,18.0,0.556,5.0,8.0,0.625,5.0,7.0,0.714,0.0,4.0,4.0,14.0,1.0,0.0,4.0,4.0,30.0,27.0,11.0,https://www.basketball-reference.com/boxscores/202312200HOU.html,
2023-12-22,2024.0,27.0,25.094,1.0,16.0,-9.0,39.667,0.0,10.0,22.0,0.455,7.0,13.0,0.538,3.0,3.0,1.0,0.0,3.0,3.0,13.0,2.0,0.0,6.0,1.0,30.0,24.2,-11.0,https://www.basketball-reference.com/boxscores/202312220MIA.html,
2023-12-23,2024.0,28.0,25.095,1.0,15.0,-6.0,40.933,1.0,11.0,24.0,0.458,3.0,10.0,0.3,5.0,7.0,0.714,0.0,5.0,5.0,13.0,1.0,1.0,2.0,3.0,30.0,25.9,2.0,https://www.basketball-reference.com/boxscores/202312230ATL.html,
2023-12-26,2024.0,29.0,25.098,1.0,5.0,-5.0,39.517,0.0,6.0,17.0,0.353,3.0,12.0,0.25,6.0,7.0,0.857,0.0,2.0,2.0,13.0,1.0,0.0,6.0,3.0,21.0,14.6,-3.0,https://www.basketball-reference.com/boxscores/202312260CHI.html,
2023-12-29,2024.0,30.0,25.101,1.0,26.0,-7.0,38.483,1.0,7.0,18.0,0.389,3.0,10.0,0.3,7.0,7.0,1.0,1.0,2.0,3.0,9.0,4.0,0.0,4.0,4.0,24.0,20.2,-11.0,https://www.basketball-reference.com/boxscores/202312290ATL.html,
2023-12-31,2024.0,31.0,25.103,1.0,30.0,4.0,39.767,0.0,11.0,19.0,0.579,4.0,8.0,0.5,14.0,19.0,0.737,0.0,3.0,3.0,13.0,3.0,0.0,5.0,2.0,40.0,36.3,-13.0,https://www.basketball-reference.com/boxscores/202312310WAS.html,
2024-01-03,2024.0,32.0,25.106,1.0,21.0,3.0,33.95,1.0,6.0,13.0,0.462,2.0,9.0,0.222,10.0,11.0,0.909,0.0,4.0,4.0,11.0,2.0,0.0,6.0,2.0,24.0,21.0,-9.0,https://www.basketball-reference.com/boxscores/202401030ATL.html,
2024-01-05,2024.0,33.0,25.108,1.0,12.0,-34.0,28.0,0.0,4.0,18.0,0.222,1.0,11.0,0.091,4.0,5.0,0.8,0.0,2.0,2.0,6.0,2.0,0.0,3.0,2.0,13.0,4.6,-28.0,https://www.basketball-reference.com/boxscores/202401050IND.html,
2024-01-07,2024.0,34.0,25.11,1.0,22.0,-7.0,42.05,0.0,11.0,23.0,0.478,2.0,9.0,0.222,7.0,10.0,0.7,0.0,4.0,4.0,9.0,1.0,1.0,5.0,2.0,31.0,21.5,-10.0,https://www.basketball-reference.com/boxscores/202401070ORL.html,
2024-01-10,2024.0,35.0,25.113,1.0,23.0,7.0,43.417,1.0,7.0,22.0,0.318,2.0,8.0,0.25,12.0,14.0,0.857,0.0,1.0,1.0,11.0,1.0,1.0,5.0,2.0,28.0,18.5,7.0,https://www.basketball-reference.com/boxscores/202401100ATL.html,
2024-01-12,2024.0,36.0,25.115,1.0,12.0,-18.0,30.05,1.0,4.0,17.0,0.235,2.0,6.0,0.333,3.0,3.0,1.0,3.0,0.0,3.0,6.0,2.0,0.0,5.0,1.0,13.0,5.6,-19.0,https://www.basketball-reference.com/boxscores/202401120ATL.html,
2024-01-13,2024.0,37.0,25.116,1.0,30.0,-28.0,36.15,1.0,6.0,19.0,0.316,2.0,10.0,0.2,7.0,9.0,0.778,1.0,1.0,2.0,10.0,1.0,1.0,1.0,5.0,21.0,16.0,-23.0,https://www.basketball-reference.com/boxscores/202401130ATL.html,
2024-01-15,2024.0,38.0,25.118,1.0,27.0,10.0,37.6,1.0,11.0,24.0,0.458,6.0,11.0,0.545,8.0,9.0,0.889,0.0,6.0,6.0,13.0,1.0,1.0,3.0,0.0,36.0,32.8,16.0,https://www.basketball-reference.com/boxscores/202401150ATL.html,
2024-01-17,2024.0,39.0,25.12,1.0,22.0,2.0,38.7,1.0,5.0,14.0,0.357,1.0,6.0,0.167,7.0,7.0,1.0,1.0,2.0,3.0,12.0,1.0,0.0,8.0,3.0,18.0,11.7,2.0,https://www.basketball-reference.com/boxscores/202401170ATL.html,
2024-01-19,2024.0,40.0,25.122,1.0,16.0,1.0,0.0,0.0,0.0,0.0,0.0,0.0,0.0,0.0,0.0,0.0,0.0,0.0,0.0,0.0,0.0,0.0,0.0,0.0,0.0,0.0,0.0,0.0,https://www.basketball-reference.com/boxscores/202401190MIA.html,
2024-01-20,2024.0,41.0,25.123,1.0,6.0,-21.0,28.3,1.0,6.0,12.0,0.5,3.0,4.0,0.75,0.0,0.0,0.0,0.0,1.0,1.0,5.0,0.0,0.0,4.0,2.0,15.0,8.0,-20.0,https://www.basketball-reference.com/boxscores/202401200ATL.html,
2024-01-22,2024.0,42.0,25.125,1.0,26.0,-15.0,0.0,0.0,0.0,0.0,0.0,0.0,0.0,0.0,0.0,0.0,0.0,0.0,0.0,0.0,0.0,0.0,0.0,0.0,0.0,0.0,0.0,0.0,https://www.basketball-reference.com/boxscores/202401220SAC.html,
2024-01-24,2024.0,43.0,25.127,1.0,10.0,-22.0,0.0,0.0,0.0,0.0,0.0,0.0,0.0,0.0,0.0,0.0,0.0,0.0,0.0,0.0,0.0,0.0,0.0,0.0,0.0,0.0,0.0,0.0,https://www.basketball-reference.com/boxscores/202401240GSW.html,
2024-01-26,2024.0,44.0,25.129,1.0,7.0,-5.0,33.183,1.0,9.0,18.0,0.5,2.0,7.0,0.286,10.0,11.0,0.909,0.0,1.0,1.0,11.0,3.0,0.0,2.0,3.0,30.0,28.4,9.0,https://www.basketball-reference.com/boxscores/202401260ATL.html,
2024-01-28,2024.0,45.0,25.131,1.0,28.0,1.0,41.733,1.0,9.0,24.0,0.375,1.0,4.0,0.25,11.0,12.0,0.917,0.0,2.0,2.0,12.0,2.0,0.0,5.0,3.0,30.0,21.2,8.0,https://www.basketball-reference.com/boxscores/202401280ATL.html,
2024-01-30,2024.0,46.0,25.133,1.0,14.0,16.0,34.267,1.0,9.0,20.0,0.45,6.0,9.0,0.667,2.0,2.0,1.0,1.0,1.0,2.0,13.0,1.0,0.0,5.0,0.0,26.0,21.7,5.0,https://www.basketball-reference.com/boxscores/202401300ATL.html,
2024-02-02,2024.0,47.0,25.136,1.0,24.0,9.0,42.183,1.0,12.0,17.0,0.706,7.0,11.0,0.636,1.0,2.0,0.5,0.0,1.0,1.0,15.0,3.0,1.0,7.0,2.0,32.0,31.2,-1.0,https://www.basketball-reference.com/boxscores/202402020ATL.html,
2024-02-02,2024,56.0,25.136,1.0,24.0,9.0,42.183,1.0,12.0,17.0,0.706,7.0,11.0,0.636,1.0,2.0,0.5,0.0,1.0,1.0,15.0,3.0,1.0,7.0,2.0,32.0,31.2,-1.0,https://www.basketball-reference.com/boxscores/202402020ATL.html,
2024-02-03,2024,56.0,25.137,1.0,10.0,7.0,42.267,1.0,12.0,21.0,0.571,7.0,11.0,0.636,4.0,5.0,0.8,0.0,0.0,0.0,6.0,1.0,0.0,3.0,3.0,35.0,25.7,5.0,https://www.basketball-reference.com/boxscores/202402030ATL.html,
2024-02-05,2024,56.0,25.139,1.0,13.0,-5.0,35.717,1.0,8.0,14.0,0.571,3.0,7.0,0.429,6.0,6.0,1.0,0.0,2.0,2.0,12.0,2.0,0.0,5.0,5.0,25.0,22.4,-6.0,https://www.basketball-reference.com/boxscores/202402050ATL.html,
2024-02-07,2024,56.0,25.141,1.0,2.0,-8.0,37.867,0.0,8.0,25.0,0.32,2.0,10.0,0.2,2.0,2.0,1.0,0.0,2.0,2.0,10.0,1.0,0.0,4.0,0.0,20.0,10.3,-10.0,https://www.basketball-reference.com/boxscores/202402070BOS.html,
2024-02-09,2024,56.0,25.143,1.0,23.0,6.0,39.783,0.0,10.0,21.0,0.476,5.0,12.0,0.417,12.0,16.0,0.75,0.0,1.0,1.0,12.0,1.0,0.0,7.0,1.0,37.0,27.0,5.0,https://www.basketball-reference.com/boxscores/202402090PHI.html,
2024-02-10,2024,56.0,25.144,1.0,11.0,9.0,32.9,1.0,6.0,16.0,0.375,2.0,9.0,0.222,4.0,6.0,0.667,0.0,4.0,4.0,8.0,2.0,1.0,4.0,3.0,18.0,12.7,-1.0,https://www.basketball-reference.com/boxscores/202402100ATL.html,
2024-02-12,2024,56.0,25.146,1.0,5.0,-10.0,35.7,1.0,3.0,14.0,0.214,2.0,10.0,0.2,11.0,12.0,0.917,0.0,3.0,3.0,14.0,0.0,0.0,2.0,1.0,19.0,18.3,-14.0,https://www.basketball-reference.com/boxscores/202402120ATL.html,
